egoid,term,semester,academic_year,college_year,courses_enrolled,graded_courses,term_gpa,courses_passed
10841,201100,Summer 2011 / AP,2011-2012,Pre-College,1,1,3.667,1
10841,201110,Fall 2011,2011-2012,Freshman,12,5,3.067,12
10841,201120,Spring 2012,2011-2012,Freshman,7,4,3.583,7
10841,201200,Summer 2012,2012-2013,Sophomore,1,1,4.0,1
10841,201210,Fall 2012,2012-2013,Sophomore,7,7,2.905,7
10841,201220,Spring 2013,2012-2013,Sophomore,6,5,2.6,6
10841,201310,Fall 2013,2013-2014,Junior,6,6,3.445,6
10841,201320,Spring 2014,2013-2014,Junior,6,6,3.5,6
10841,201410,Fall 2014,2014-2015,Senior,5,4,3.25,5
10841,201420,Spring 2015,2014-2015,Senior,4,4,3.583,4
11692,201110,Fall 2011,2011-2012,Freshman,8,5,3.333,8
11692,201120,Spring 2012,2011-2012,Freshman,6,5,4.0,6
11692,201210,Fall 2012,2012-2013,Sophomore,7,6,3.889,7
11692,201220,Spring 2013,2012-2013,Sophomore,5,5,3.933,5
11692,201310,Fall 2013,2013-2014,Junior,5,5,4.0,5
11692,201320,Spring 2014,2013-2014,Junior,6,6,3.889,6
11692,201410,Fall 2014,2014-2015,Senior,5,5,3.867,5
11692,201420,Spring 2015,2014-2015,Senior,5,4,3.833,5
13799,201110,Fall 2011,2011-2012,Freshman,6,5,2.733,6
13799,201120,Spring 2012,2011-2012,Freshman,6,5,3.2,6
13799,201210,Fall 2012,2012-2013,Sophomore,6,5,3.267,6
13799,201220,Spring 2013,2012-2013,Sophomore,5,4,3.5,5
13799,201310,Fall 2013,2013-2014,Junior,5,5,3.267,5
13799,201320,Spring 2014,2013-2014,Junior,4,3,2.889,4
13799,201400,Summer 2014,2014-2015,Senior,1,0,,1
13799,201410,Fall 2014,2014-2015,Senior,6,5,3.333,6
13799,201420,Spring 2015,2014-2015,Senior,4,4,3.583,4
14106,201110,Fall 2011,2011-2012,Freshman,15,5,3.467,15
14106,201120,Spring 2012,2011-2012,Freshman,7,5,3.933,7
14106,201210,Fall 2012,2012-2013,Sophomore,5,5,3.933,5
14106,201220,Spring 2013,2012-2013,Sophomore,6,6,4.0,6
14106,201310,Fall 2013,2013-2014,Junior,6,6,3.833,6
14106,201320,Spring 2014,2013-2014,Junior,5,5,3.8,5
14106,201410,Fall 2014,2014-2015,Senior,4,4,3.583,4
14106,201420,Spring 2015,2014-2015,Senior,3,3,3.778,3
15071,201110,Fall 2011,2011-2012,Freshman,8,5,3.867,8
15071,201120,Spring 2012,2011-2012,Freshman,6,5,3.933,6
15071,201210,Fall 2012,2012-2013,Sophomore,6,5,3.933,6
15071,201220,Spring 2013,2012-2013,Sophomore,5,5,4.0,5
15071,201310,Fall 2013,2013-2014,Junior,6,5,3.933,6
15071,201320,Spring 2014,2013-2014,Junior,5,5,3.8,5
15071,201410,Fall 2014,2014-2015,Senior,6,5,4.0,6
15071,201420,Spring 2015,2014-2015,Senior,6,5,4.0,6
15723,201110,Fall 2011,2011-2012,Freshman,9,5,2.6,9
15723,201120,Spring 2012,2011-2012,Freshman,6,5,3.067,6
15723,201200,Summer 2012,2012-2013,Sophomore,1,1,2.667,1
15723,201210,Fall 2012,2012-2013,Sophomore,7,6,2.833,7
15723,201220,Spring 2013,2012-2013,Sophomore,7,7,3.333,7
15723,201300,Summer 2013,2013-2014,Junior,1,1,4.0,1
15723,201310,Fall 2013,2013-2014,Junior,5,5,3.333,5
15723,201320,Spring 2014,2013-2014,Junior,5,4,4.0,5
15723,201400,Summer 2014,2014-2015,Senior,2,2,4.0,2
15723,201410,Fall 2014,2014-2015,Senior,4,4,4.0,4
15723,201420,Spring 2015,2014-2015,Senior,4,3,3.667,4
15776,201110,Fall 2011,2011-2012,Freshman,10,5,3.867,10
15776,201120,Spring 2012,2011-2012,Freshman,7,5,3.933,7
15776,201200,Summer 2012,2012-2013,Sophomore,1,1,4.0,1
15776,201210,Fall 2012,2012-2013,Sophomore,7,6,3.889,7
15776,201220,Spring 2013,2012-2013,Sophomore,8,8,4.0,8
15776,201300,Summer 2013,2013-2014,Junior,1,1,4.0,1
15776,201310,Fall 2013,2013-2014,Junior,5,5,4.0,5
15776,201320,Spring 2014,2013-2014,Junior,6,4,4.0,6
15776,201400,Summer 2014,2014-2015,Senior,1,1,4.0,1
15776,201410,Fall 2014,2014-2015,Senior,6,5,4.0,6
15776,201420,Spring 2015,2014-2015,Senior,5,5,4.0,5
16313,201110,Fall 2011,2011-2012,Freshman,8,4,3.833,8
16313,201120,Spring 2012,2011-2012,Freshman,7,5,3.867,7
16313,201210,Fall 2012,2012-2013,Sophomore,8,7,4.0,8
16313,201220,Spring 2013,2012-2013,Sophomore,8,7,3.81,8
16313,201310,Fall 2013,2013-2014,Junior,5,4,3.833,5
16313,201320,Spring 2014,2013-2014,Junior,6,5,3.933,6
16313,201410,Fall 2014,2014-2015,Senior,5,5,3.867,5
16313,201420,Spring 2015,2014-2015,Senior,6,4,3.75,6
16933,201110,Fall 2011,2011-2012,Freshman,12,6,3.611,12
16933,201120,Spring 2012,2011-2012,Freshman,7,6,3.333,7
16933,201210,Fall 2012,2012-2013,Sophomore,7,6,3.667,7
16933,201220,Spring 2013,2012-2013,Sophomore,7,6,3.667,7
16933,201310,Fall 2013,2013-2014,Junior,6,5,3.867,6
16933,201320,Spring 2014,2013-2014,Junior,5,4,3.667,5
16933,201410,Fall 2014,2014-2015,Senior,5,5,3.867,5
16933,201420,Spring 2015,2014-2015,Senior,6,4,3.333,6
17353,201110,Fall 2011,2011-2012,Freshman,13,4,3.667,13
17353,201120,Spring 2012,2011-2012,Freshman,6,5,3.8,6
17353,201210,Fall 2012,2012-2013,Sophomore,6,5,3.6,6
17353,201220,Spring 2013,2012-2013,Sophomore,5,5,3.8,5
17353,201300,Summer 2013,2013-2014,Junior,3,3,4.0,3
17353,201310,Fall 2013,2013-2014,Junior,5,5,3.6,5
17353,201320,Spring 2014,2013-2014,Junior,7,6,3.222,7
17353,201410,Fall 2014,2014-2015,Senior,5,5,3.667,5
17353,201420,Spring 2015,2014-2015,Senior,5,4,3.667,5
18420,201110,Fall 2011,2011-2012,Freshman,13,6,3.333,13
18420,201120,Spring 2012,2011-2012,Freshman,6,5,3.4,6
18420,201210,Fall 2012,2012-2013,Sophomore,8,7,3.191,8
18420,201220,Spring 2013,2012-2013,Sophomore,7,7,3.286,7
18420,201310,Fall 2013,2013-2014,Junior,7,7,3.619,7
18420,201320,Spring 2014,2013-2014,Junior,8,6,3.667,8
18420,201410,Fall 2014,2014-2015,Senior,7,6,3.555,7
18420,201420,Spring 2015,2014-2015,Senior,6,6,3.722,6
19066,201110,Fall 2011,2011-2012,Freshman,10,5,3.8,10
19066,201120,Spring 2012,2011-2012,Freshman,6,5,3.533,6
19066,201210,Fall 2012,2012-2013,Sophomore,7,5,3.867,7
19066,201220,Spring 2013,2012-2013,Sophomore,6,6,3.889,6
19066,201310,Fall 2013,2013-2014,Junior,5,4,3.917,5
19066,201320,Spring 2014,2013-2014,Junior,6,5,3.533,6
19066,201410,Fall 2014,2014-2015,Senior,5,4,3.917,5
19066,201420,Spring 2015,2014-2015,Senior,4,4,3.75,4
21350,201110,Fall 2011,2011-2012,Freshman,7,5,3.867,7
21350,201120,Spring 2012,2011-2012,Freshman,6,5,3.933,6
21350,201210,Fall 2012,2012-2013,Sophomore,6,5,3.933,6
21350,201220,Spring 2013,2012-2013,Sophomore,6,5,4.0,6
21350,201310,Fall 2013,2013-2014,Junior,1,0,,1
21350,201320,Spring 2014,2013-2014,Junior,6,5,3.733,6
21350,201410,Fall 2014,2014-2015,Senior,7,5,4.0,7
21350,201420,Spring 2015,2014-2015,Senior,7,5,4.0,7
22617,201110,Fall 2011,2011-2012,Freshman,6,5,3.6,6
22617,201120,Spring 2012,2011-2012,Freshman,7,5,3.8,7
22617,201210,Fall 2012,2012-2013,Sophomore,6,6,3.389,6
22617,201220,Spring 2013,2012-2013,Sophomore,7,6,2.778,7
22617,201300,Summer 2013,2013-2014,Junior,1,1,3.333,1
22617,201310,Fall 2013,2013-2014,Junior,8,7,3.143,8
22617,201320,Spring 2014,2013-2014,Junior,5,5,3.467,5
22617,201400,Summer 2014,2014-2015,Senior,1,1,3.333,1
22617,201410,Fall 2014,2014-2015,Senior,8,6,3.055,8
22617,201420,Spring 2015,2014-2015,Senior,9,7,3.048,9
22745,201110,Fall 2011,2011-2012,Freshman,11,5,3.533,11
22745,201120,Spring 2012,2011-2012,Freshman,6,5,3.6,6
22745,201210,Fall 2012,2012-2013,Sophomore,6,6,3.5,6
22745,201220,Spring 2013,2012-2013,Sophomore,8,6,3.333,8
22745,201300,Summer 2013,2013-2014,Junior,1,0,,1
22745,201310,Fall 2013,2013-2014,Junior,7,6,3.167,7
22745,201320,Spring 2014,2013-2014,Junior,6,6,4.0,6
22745,201400,Summer 2014,2014-2015,Senior,1,0,,1
22745,201410,Fall 2014,2014-2015,Senior,6,5,3.533,6
22745,201420,Spring 2015,2014-2015,Senior,7,4,3.667,7
23040,201110,Fall 2011,2011-2012,Freshman,11,5,3.333,11
23040,201120,Spring 2012,2011-2012,Freshman,7,5,3.6,7
23040,201210,Fall 2012,2012-2013,Sophomore,5,5,3.667,5
23040,201220,Spring 2013,2012-2013,Sophomore,5,5,3.933,5
23040,201310,Fall 2013,2013-2014,Junior,5,5,3.667,5
23040,201320,Spring 2014,2013-2014,Junior,5,5,3.933,5
23040,201410,Fall 2014,2014-2015,Senior,4,4,4.0,4
23040,201420,Spring 2015,2014-2015,Senior,4,4,3.833,4
23144,201110,Fall 2011,2011-2012,Freshman,13,5,3.334,13
23144,201120,Spring 2012,2011-2012,Freshman,7,5,3.066,7
23144,201210,Fall 2012,2012-2013,Sophomore,7,6,3.222,7
23144,201220,Spring 2013,2012-2013,Sophomore,10,7,2.952,10
23144,201300,Summer 2013,2013-2014,Junior,2,2,3.667,2
23144,201310,Fall 2013,2013-2014,Junior,7,6,3.778,7
23144,201320,Spring 2014,2013-2014,Junior,9,6,3.778,9
23144,201410,Fall 2014,2014-2015,Senior,11,8,3.625,11
23144,201420,Spring 2015,2014-2015,Senior,10,9,3.259,10
24543,201110,Fall 2011,2011-2012,Freshman,13,5,3.867,13
24543,201120,Spring 2012,2011-2012,Freshman,6,5,3.933,6
24543,201210,Fall 2012,2012-2013,Sophomore,8,6,3.889,8
24543,201220,Spring 2013,2012-2013,Sophomore,6,6,4.0,6
24543,201310,Fall 2013,2013-2014,Junior,6,6,3.945,6
24543,201320,Spring 2014,2013-2014,Junior,6,5,3.933,6
24543,201410,Fall 2014,2014-2015,Senior,6,6,3.945,6
24543,201420,Spring 2015,2014-2015,Senior,2,2,3.5,2
24760,201110,Fall 2011,2011-2012,Freshman,14,6,3.389,14
24760,201120,Spring 2012,2011-2012,Freshman,9,7,3.286,9
24760,201210,Fall 2012,2012-2013,Sophomore,8,7,3.333,8
24760,201220,Spring 2013,2012-2013,Sophomore,8,7,3.333,8
24760,201310,Fall 2013,2013-2014,Junior,6,5,3.733,6
24760,201320,Spring 2014,2013-2014,Junior,6,5,3.533,6
24760,201410,Fall 2014,2014-2015,Senior,5,5,3.933,5
24760,201420,Spring 2015,2014-2015,Senior,6,5,3.533,6
24853,201110,Fall 2011,2011-2012,Freshman,9,6,3.389,9
24853,201120,Spring 2012,2011-2012,Freshman,6,5,3.6,6
24853,201210,Fall 2012,2012-2013,Sophomore,6,6,3.389,6
24853,201220,Spring 2013,2012-2013,Sophomore,6,6,3.611,6
24853,201310,Fall 2013,2013-2014,Junior,11,9,3.37,11
24853,201320,Spring 2014,2013-2014,Junior,11,9,3.481,11
24853,201410,Fall 2014,2014-2015,Senior,11,11,3.212,11
24853,201420,Spring 2015,2014-2015,Senior,11,8,3.083,11
25171,201110,Fall 2011,2011-2012,Freshman,12,5,3.267,12
25171,201120,Spring 2012,2011-2012,Freshman,6,5,3.4,6
25171,201210,Fall 2012,2012-2013,Sophomore,5,5,3.467,5
25171,201220,Spring 2013,2012-2013,Sophomore,6,6,3.667,6
25171,201310,Fall 2013,2013-2014,Junior,6,4,3.667,6
25171,201320,Spring 2014,2013-2014,Junior,5,5,3.4,5
25171,201410,Fall 2014,2014-2015,Senior,5,5,3.333,5
25171,201420,Spring 2015,2014-2015,Senior,4,4,3.833,4
25323,201110,Fall 2011,2011-2012,Freshman,9,5,3.467,9
25323,201120,Spring 2012,2011-2012,Freshman,6,5,3.8,6
25323,201210,Fall 2012,2012-2013,Sophomore,6,6,3.555,6
25323,201220,Spring 2013,2012-2013,Sophomore,7,6,3.667,7
25323,201310,Fall 2013,2013-2014,Junior,8,8,3.375,8
25323,201320,Spring 2014,2013-2014,Junior,6,5,3.467,6
25323,201410,Fall 2014,2014-2015,Senior,5,5,3.467,5
25323,201420,Spring 2015,2014-2015,Senior,5,5,3.333,5
25494,201110,Fall 2011,2011-2012,Freshman,9,5,3.266,9
25494,201120,Spring 2012,2011-2012,Freshman,6,5,3.067,6
25494,201210,Fall 2012,2012-2013,Sophomore,5,5,3.533,5
25494,201220,Spring 2013,2012-2013,Sophomore,5,5,3.6,5
25494,201310,Fall 2013,2013-2014,Junior,6,6,3.833,6
25494,201320,Spring 2014,2013-2014,Junior,5,5,3.734,5
25494,201410,Fall 2014,2014-2015,Senior,9,9,3.593,9
25494,201420,Spring 2015,2014-2015,Senior,5,3,3.778,5
26425,201110,Fall 2011,2011-2012,Freshman,17,5,3.733,17
26425,201120,Spring 2012,2011-2012,Freshman,6,5,3.4,6
26425,201210,Fall 2012,2012-2013,Sophomore,7,5,3.733,7
26425,201220,Spring 2013,2012-2013,Sophomore,6,5,3.8,6
26425,201310,Fall 2013,2013-2014,Junior,6,5,3.6,6
26425,201320,Spring 2014,2013-2014,Junior,6,5,3.867,6
26425,201410,Fall 2014,2014-2015,Senior,5,4,3.917,5
26425,201420,Spring 2015,2014-2015,Senior,6,4,3.917,6
26999,201110,Fall 2011,2011-2012,Freshman,13,5,3.933,13
26999,201120,Spring 2012,2011-2012,Freshman,5,4,4.0,5
26999,201210,Fall 2012,2012-2013,Sophomore,6,6,3.611,6
26999,201220,Spring 2013,2012-2013,Sophomore,5,5,4.0,5
26999,201310,Fall 2013,2013-2014,Junior,8,8,3.542,8
26999,201320,Spring 2014,2013-2014,Junior,6,6,3.667,6
26999,201400,Summer 2014,2014-2015,Senior,1,0,,1
26999,201410,Fall 2014,2014-2015,Senior,5,5,3.333,5
26999,201420,Spring 2015,2014-2015,Senior,9,8,3.167,9
28831,201110,Fall 2011,2011-2012,Freshman,13,5,3.333,13
28831,201120,Spring 2012,2011-2012,Freshman,5,4,3.833,5
28831,201210,Fall 2012,2012-2013,Sophomore,5,5,3.667,5
28831,201220,Spring 2013,2012-2013,Sophomore,5,5,3.533,5
28831,201300,Summer 2013,2013-2014,Junior,2,2,4.0,2
28831,201310,Fall 2013,2013-2014,Junior,5,5,3.467,5
28831,201320,Spring 2014,2013-2014,Junior,5,5,3.267,5
28831,201410,Fall 2014,2014-2015,Senior,5,5,2.6,5
28831,201420,Spring 2015,2014-2015,Senior,5,5,2.533,5
29914,201110,Fall 2011,2011-2012,Freshman,8,5,3.933,8
29914,201120,Spring 2012,2011-2012,Freshman,6,5,3.867,6
29914,201210,Fall 2012,2012-2013,Sophomore,6,5,3.867,6
29914,201220,Spring 2013,2012-2013,Sophomore,5,5,3.933,5
29914,201310,Fall 2013,2013-2014,Junior,7,6,3.889,7
29914,201320,Spring 2014,2013-2014,Junior,6,6,4.0,6
29914,201410,Fall 2014,2014-2015,Senior,6,6,4.0,6
29914,201420,Spring 2015,2014-2015,Senior,6,6,4.0,6
32100,201110,Fall 2011,2011-2012,Freshman,9,5,4.0,9
32100,201120,Spring 2012,2011-2012,Freshman,6,5,3.867,6
32100,201210,Fall 2012,2012-2013,Sophomore,6,6,3.945,6
32100,201220,Spring 2013,2012-2013,Sophomore,5,5,3.8,5
32100,201310,Fall 2013,2013-2014,Junior,6,4,3.833,6
32100,201320,Spring 2014,2013-2014,Junior,5,5,3.8,5
32100,201410,Fall 2014,2014-2015,Senior,5,5,3.667,5
32100,201420,Spring 2015,2014-2015,Senior,6,3,3.667,6
32174,201110,Fall 2011,2011-2012,Freshman,13,5,3.933,13
32174,201120,Spring 2012,2011-2012,Freshman,7,5,3.933,7
32174,201210,Fall 2012,2012-2013,Sophomore,5,5,3.933,5
32174,201220,Spring 2013,2012-2013,Sophomore,5,5,4.0,5
32174,201310,Fall 2013,2013-2014,Junior,5,5,3.933,5
32174,201320,Spring 2014,2013-2014,Junior,5,5,3.667,5
32174,201410,Fall 2014,2014-2015,Senior,6,4,3.917,6
32174,201420,Spring 2015,2014-2015,Senior,5,5,3.933,5
33094,201110,Fall 2011,2011-2012,Freshman,14,6,3.444,14
33094,201120,Spring 2012,2011-2012,Freshman,8,6,3.556,8
33094,201210,Fall 2012,2012-2013,Sophomore,7,6,3.222,7
33094,201220,Spring 2013,2012-2013,Sophomore,7,7,3.667,7
33094,201310,Fall 2013,2013-2014,Junior,8,7,3.619,8
33094,201320,Spring 2014,2013-2014,Junior,5,5,3.667,5
33094,201410,Fall 2014,2014-2015,Senior,8,7,3.762,8
33094,201420,Spring 2015,2014-2015,Senior,7,7,3.667,7
36006,201110,Fall 2011,2011-2012,Freshman,10,5,3.867,10
36006,201120,Spring 2012,2011-2012,Freshman,6,5,3.933,6
36006,201210,Fall 2012,2012-2013,Sophomore,5,5,4.0,5
36006,201220,Spring 2013,2012-2013,Sophomore,5,5,3.933,5
36006,201310,Fall 2013,2013-2014,Junior,5,5,4.0,5
36006,201320,Spring 2014,2013-2014,Junior,4,4,4.0,4
36006,201410,Fall 2014,2014-2015,Senior,4,4,4.0,4
36006,201420,Spring 2015,2014-2015,Senior,4,4,4.0,4
36951,201110,Fall 2011,2011-2012,Freshman,14,6,4.0,14
36951,201120,Spring 2012,2011-2012,Freshman,8,5,4.0,8
36951,201210,Fall 2012,2012-2013,Sophomore,6,6,3.945,6
36951,201220,Spring 2013,2012-2013,Sophomore,5,5,3.867,5
36951,201310,Fall 2013,2013-2014,Junior,5,5,3.933,5
36951,201320,Spring 2014,2013-2014,Junior,6,5,4.0,6
36951,201410,Fall 2014,2014-2015,Senior,4,4,4.0,4
36951,201420,Spring 2015,2014-2015,Senior,4,4,4.0,4
37617,201110,Fall 2011,2011-2012,Freshman,8,5,3.467,8
37617,201120,Spring 2012,2011-2012,Freshman,6,5,3.533,6
37617,201210,Fall 2012,2012-2013,Sophomore,6,6,3.611,6
37617,201220,Spring 2013,2012-2013,Sophomore,5,5,3.867,5
37617,201310,Fall 2013,2013-2014,Junior,5,5,3.8,5
37617,201320,Spring 2014,2013-2014,Junior,6,5,3.867,6
37617,201410,Fall 2014,2014-2015,Senior,5,5,3.8,5
37617,201420,Spring 2015,2014-2015,Senior,4,4,4.0,4
38927,201110,Fall 2011,2011-2012,Freshman,11,5,3.6,11
38927,201120,Spring 2012,2011-2012,Freshman,6,5,3.467,6
38927,201210,Fall 2012,2012-2013,Sophomore,7,7,3.476,7
38927,201220,Spring 2013,2012-2013,Sophomore,7,7,3.572,7
38927,201310,Fall 2013,2013-2014,Junior,5,5,3.067,5
38927,201320,Spring 2014,2013-2014,Junior,6,4,3.417,6
38927,201410,Fall 2014,2014-2015,Senior,5,4,3.417,5
38927,201420,Spring 2015,2014-2015,Senior,3,2,3.333,3
39783,201100,Summer 2011 / AP,2011-2012,Pre-College,1,1,3.333,1
39783,201110,Fall 2011,2011-2012,Freshman,7,5,3.533,7
39783,201120,Spring 2012,2011-2012,Freshman,6,5,3.667,6
39783,201210,Fall 2012,2012-2013,Sophomore,5,5,3.667,5
39783,201220,Spring 2013,2012-2013,Sophomore,6,5,3.667,6
39783,201300,Summer 2013,2013-2014,Junior,1,1,3.667,1
39783,201310,Fall 2013,2013-2014,Junior,5,5,3.867,5
39783,201320,Spring 2014,2013-2014,Junior,5,5,3.667,5
39783,201410,Fall 2014,2014-2015,Senior,4,4,3.917,4
39783,201420,Spring 2015,2014-2015,Senior,5,5,3.867,5
40629,201110,Fall 2011,2011-2012,Freshman,12,5,3.533,12
40629,201120,Spring 2012,2011-2012,Freshman,7,5,3.4,7
40629,201210,Fall 2012,2012-2013,Sophomore,5,5,3.6,5
40629,201220,Spring 2013,2012-2013,Sophomore,6,5,3.667,6
40629,201310,Fall 2013,2013-2014,Junior,8,7,3.714,8
40629,201320,Spring 2014,2013-2014,Junior,6,4,4.0,6
40629,201410,Fall 2014,2014-2015,Senior,7,7,3.572,7
40629,201420,Spring 2015,2014-2015,Senior,5,5,3.6,5
40997,201100,Summer 2011 / AP,2011-2012,Pre-College,1,1,3.667,1
40997,201110,Fall 2011,2011-2012,Freshman,10,5,3.533,10
40997,201120,Spring 2012,2011-2012,Freshman,7,5,3.267,7
40997,201200,Summer 2012,2012-2013,Sophomore,2,2,3.667,2
40997,201210,Fall 2012,2012-2013,Sophomore,6,5,3.333,6
40997,201220,Spring 2013,2012-2013,Sophomore,6,5,3.733,6
40997,201310,Fall 2013,2013-2014,Junior,6,6,3.667,6
40997,201320,Spring 2014,2013-2014,Junior,6,5,3.933,6
40997,201410,Fall 2014,2014-2015,Senior,5,5,3.734,5
40997,201420,Spring 2015,2014-2015,Senior,5,4,3.0,5
44167,201110,Fall 2011,2011-2012,Freshman,8,5,3.2,8
44167,201120,Spring 2012,2011-2012,Freshman,6,5,3.333,6
44167,201200,Summer 2012,2012-2013,Sophomore,2,2,3.167,2
44167,201210,Fall 2012,2012-2013,Sophomore,6,5,2.867,6
44167,201220,Spring 2013,2012-2013,Sophomore,5,5,3.066,5
44167,201300,Summer 2013,2013-2014,Junior,3,3,3.778,3
44167,201310,Fall 2013,2013-2014,Junior,4,3,3.333,4
44167,201320,Spring 2014,2013-2014,Junior,4,3,3.111,4
44167,201400,Summer 2014,2014-2015,Senior,2,2,3.833,2
44167,201410,Fall 2014,2014-2015,Senior,4,3,3.0,4
44167,201420,Spring 2015,2014-2015,Senior,4,4,3.667,4
44520,201110,Fall 2011,2011-2012,Freshman,16,4,4.0,16
44520,201120,Spring 2012,2011-2012,Freshman,6,4,3.333,6
44520,201200,Summer 2012,2012-2013,Sophomore,2,2,3.833,2
44520,201210,Fall 2012,2012-2013,Sophomore,6,6,3.611,6
44520,201220,Spring 2013,2012-2013,Sophomore,5,5,3.667,5
44520,201310,Fall 2013,2013-2014,Junior,6,6,3.222,6
44520,201320,Spring 2014,2013-2014,Junior,5,5,3.4,5
44520,201410,Fall 2014,2014-2015,Senior,6,6,3.389,6
44520,201420,Spring 2015,2014-2015,Senior,4,4,3.333,4
44956,201110,Fall 2011,2011-2012,Freshman,17,5,3.533,17
44956,201120,Spring 2012,2011-2012,Freshman,6,5,4.0,6
44956,201210,Fall 2012,2012-2013,Sophomore,7,7,3.952,7
44956,201220,Spring 2013,2012-2013,Sophomore,9,7,3.952,9
44956,201310,Fall 2013,2013-2014,Junior,7,6,4.0,7
44956,201320,Spring 2014,2013-2014,Junior,5,4,4.0,5
44956,201410,Fall 2014,2014-2015,Senior,5,5,3.867,5
44956,201420,Spring 2015,2014-2015,Senior,4,3,4.0,4
45000,201110,Fall 2011,2011-2012,Freshman,11,5,1.933,10
45000,201120,Spring 2012,2011-2012,Freshman,6,5,3.533,6
45000,201210,Fall 2012,2012-2013,Sophomore,6,6,3.5,6
45000,201220,Spring 2013,2012-2013,Sophomore,8,6,3.5,8
45000,201310,Fall 2013,2013-2014,Junior,8,6,3.333,8
45000,201320,Spring 2014,2013-2014,Junior,7,6,3.389,7
45000,201410,Fall 2014,2014-2015,Senior,6,5,3.267,6
45000,201420,Spring 2015,2014-2015,Senior,6,4,3.583,6
45292,201110,Fall 2011,2011-2012,Freshman,10,5,3.667,10
45292,201120,Spring 2012,2011-2012,Freshman,6,5,4.0,6
45292,201210,Fall 2012,2012-2013,Sophomore,6,5,4.0,6
45292,201220,Spring 2013,2012-2013,Sophomore,6,6,3.889,6
45292,201310,Fall 2013,2013-2014,Junior,6,6,3.667,6
45292,201320,Spring 2014,2013-2014,Junior,7,6,3.945,7
45292,201410,Fall 2014,2014-2015,Senior,7,7,3.619,7
45292,201420,Spring 2015,2014-2015,Senior,7,7,3.905,7
45945,201110,Fall 2011,2011-2012,Freshman,11,5,3.8,11
45945,201120,Spring 2012,2011-2012,Freshman,6,5,3.733,6
45945,201210,Fall 2012,2012-2013,Sophomore,7,6,3.667,7
45945,201220,Spring 2013,2012-2013,Sophomore,7,6,3.722,7
45945,201310,Fall 2013,2013-2014,Junior,6,6,3.778,6
45945,201320,Spring 2014,2013-2014,Junior,5,5,4.0,5
45945,201410,Fall 2014,2014-2015,Senior,6,6,3.889,6
45945,201420,Spring 2015,2014-2015,Senior,5,5,3.8,5
46021,201110,Fall 2011,2011-2012,Freshman,11,5,3.933,11
46021,201120,Spring 2012,2011-2012,Freshman,7,5,4.0,7
46021,201210,Fall 2012,2012-2013,Sophomore,8,5,3.867,8
46021,201220,Spring 2013,2012-2013,Sophomore,5,5,4.0,5
46021,201310,Fall 2013,2013-2014,Junior,7,7,3.952,7
46021,201320,Spring 2014,2013-2014,Junior,5,5,4.0,5
46021,201410,Fall 2014,2014-2015,Senior,4,4,4.0,4
46021,201420,Spring 2015,2014-2015,Senior,4,4,3.917,4
46160,201110,Fall 2011,2011-2012,Freshman,14,6,3.889,14
46160,201120,Spring 2012,2011-2012,Freshman,8,5,3.667,8
46160,201200,Summer 2012,2012-2013,Sophomore,2,2,3.833,2
46160,201210,Fall 2012,2012-2013,Sophomore,7,5,3.4,7
46160,201220,Spring 2013,2012-2013,Sophomore,9,5,3.933,9
46160,201300,Summer 2013,2013-2014,Junior,1,0,,1
46160,201310,Fall 2013,2013-2014,Junior,6,4,3.833,6
46160,201320,Spring 2014,2013-2014,Junior,6,4,4.0,6
46160,201410,Fall 2014,2014-2015,Senior,7,3,3.667,7
46160,201420,Spring 2015,2014-2015,Senior,6,3,3.778,6
46584,201110,Fall 2011,2011-2012,Freshman,11,4,3.75,11
46584,201120,Spring 2012,2011-2012,Freshman,7,5,3.533,7
46584,201210,Fall 2012,2012-2013,Sophomore,5,4,3.75,5
46584,201220,Spring 2013,2012-2013,Sophomore,6,5,3.933,6
46584,201310,Fall 2013,2013-2014,Junior,1,1,4.0,1
46584,201410,Fall 2014,2014-2015,Senior,6,3,3.889,6
46584,201420,Spring 2015,2014-2015,Senior,5,4,3.917,5
46771,201110,Fall 2011,2011-2012,Freshman,15,5,3.533,15
46771,201120,Spring 2012,2011-2012,Freshman,8,5,3.467,8
46771,201210,Fall 2012,2012-2013,Sophomore,6,5,3.267,6
46771,201220,Spring 2013,2012-2013,Sophomore,6,5,3.4,6
46771,201300,Summer 2013,2013-2014,Junior,3,3,3.667,3
46771,201310,Fall 2013,2013-2014,Junior,5,5,3.4,5
46771,201320,Spring 2014,2013-2014,Junior,7,6,3.778,7
46771,201410,Fall 2014,2014-2015,Senior,6,5,3.8,6
46771,201420,Spring 2015,2014-2015,Senior,5,4,3.917,5
48187,201110,Fall 2011,2011-2012,Freshman,17,6,3.722,17
48187,201120,Spring 2012,2011-2012,Freshman,11,7,3.572,11
48187,201210,Fall 2012,2012-2013,Sophomore,9,6,3.5,9
48187,201220,Spring 2013,2012-2013,Sophomore,8,7,3.619,8
48187,201310,Fall 2013,2013-2014,Junior,6,5,3.8,6
48187,201320,Spring 2014,2013-2014,Junior,6,5,3.867,6
48187,201410,Fall 2014,2014-2015,Senior,5,5,3.933,5
48187,201420,Spring 2015,2014-2015,Senior,4,4,3.833,4
49294,201110,Fall 2011,2011-2012,Freshman,13,5,3.933,13
49294,201120,Spring 2012,2011-2012,Freshman,8,5,3.933,8
49294,201210,Fall 2012,2012-2013,Sophomore,8,6,3.945,8
49294,201220,Spring 2013,2012-2013,Sophomore,8,5,3.933,8
49294,201310,Fall 2013,2013-2014,Junior,10,6,3.945,10
49294,201320,Spring 2014,2013-2014,Junior,8,6,3.778,8
49294,201410,Fall 2014,2014-2015,Senior,8,4,3.5,8
49294,201420,Spring 2015,2014-2015,Senior,8,5,3.533,8
50947,201110,Fall 2011,2011-2012,Freshman,13,5,3.0,13
50947,201120,Spring 2012,2011-2012,Freshman,6,5,3.067,6
50947,201210,Fall 2012,2012-2013,Sophomore,5,5,2.467,5
50947,201220,Spring 2013,2012-2013,Sophomore,5,5,2.333,5
50947,201310,Fall 2013,2013-2014,Junior,6,5,3.067,6
50947,201320,Spring 2014,2013-2014,Junior,5,5,3.4,5
50947,201410,Fall 2014,2014-2015,Senior,6,6,3.111,6
50947,201420,Spring 2015,2014-2015,Senior,4,4,3.083,4
51102,201110,Fall 2011,2011-2012,Freshman,10,4,3.667,10
51102,201120,Spring 2012,2011-2012,Freshman,8,6,3.722,8
51102,201210,Fall 2012,2012-2013,Sophomore,6,4,3.667,6
51102,201220,Spring 2013,2012-2013,Sophomore,6,5,3.867,6
51102,201300,Summer 2013,2013-2014,Junior,2,0,,2
51102,201310,Fall 2013,2013-2014,Junior,7,7,3.714,7
51102,201320,Spring 2014,2013-2014,Junior,5,5,3.533,5
51102,201410,Fall 2014,2014-2015,Senior,6,6,3.667,6
51102,201420,Spring 2015,2014-2015,Senior,6,4,3.917,6
51552,201110,Fall 2011,2011-2012,Freshman,11,5,3.933,11
51552,201120,Spring 2012,2011-2012,Freshman,6,5,3.933,6
51552,201210,Fall 2012,2012-2013,Sophomore,6,5,3.8,6
51552,201220,Spring 2013,2012-2013,Sophomore,5,5,3.733,5
51552,201310,Fall 2013,2013-2014,Junior,5,5,3.867,5
51552,201320,Spring 2014,2013-2014,Junior,5,5,3.867,5
51552,201410,Fall 2014,2014-2015,Senior,5,4,3.833,5
51552,201420,Spring 2015,2014-2015,Senior,6,5,3.133,6
51597,201110,Fall 2011,2011-2012,Freshman,16,3,3.778,16
51597,201120,Spring 2012,2011-2012,Freshman,8,5,3.467,8
51597,201210,Fall 2012,2012-2013,Sophomore,8,7,3.333,8
51597,201220,Spring 2013,2012-2013,Sophomore,8,7,3.048,8
51597,201310,Fall 2013,2013-2014,Junior,6,5,3.2,6
51597,201320,Spring 2014,2013-2014,Junior,8,5,3.467,8
51597,201410,Fall 2014,2014-2015,Senior,8,4,3.417,8
51597,201420,Spring 2015,2014-2015,Senior,6,4,3.333,6
51675,201110,Fall 2011,2011-2012,Freshman,7,5,3.733,7
51675,201120,Spring 2012,2011-2012,Freshman,6,5,3.8,6
51675,201210,Fall 2012,2012-2013,Sophomore,5,5,3.8,5
51675,201220,Spring 2013,2012-2013,Sophomore,5,5,3.933,5
51675,201310,Fall 2013,2013-2014,Junior,6,6,4.0,6
51675,201320,Spring 2014,2013-2014,Junior,4,4,4.0,4
51675,201410,Fall 2014,2014-2015,Senior,6,5,4.0,6
51675,201420,Spring 2015,2014-2015,Senior,7,6,4.0,7
51722,201110,Fall 2011,2011-2012,Freshman,13,7,3.952,13
51722,201120,Spring 2012,2011-2012,Freshman,10,7,3.905,10
51722,201210,Fall 2012,2012-2013,Sophomore,7,5,3.933,7
51722,201220,Spring 2013,2012-2013,Sophomore,9,6,3.945,9
51722,201310,Fall 2013,2013-2014,Junior,8,6,3.889,8
51722,201320,Spring 2014,2013-2014,Junior,6,5,3.933,6
51722,201410,Fall 2014,2014-2015,Senior,6,5,3.867,6
51722,201420,Spring 2015,2014-2015,Senior,6,4,3.917,6
52385,201110,Fall 2011,2011-2012,Freshman,8,4,3.667,7
52385,201120,Spring 2012,2011-2012,Freshman,15,5,2.667,14
52385,201210,Fall 2012,2012-2013,Sophomore,5,4,3.0,4
52385,201220,Spring 2013,2012-2013,Sophomore,6,6,3.667,6
52385,201310,Fall 2013,2013-2014,Junior,9,7,3.762,9
52385,201320,Spring 2014,2013-2014,Junior,8,7,3.81,8
52385,201410,Fall 2014,2014-2015,Senior,8,7,3.857,8
52441,201110,Fall 2011,2011-2012,Freshman,7,5,3.2,7
52441,201120,Spring 2012,2011-2012,Freshman,5,4,3.25,5
52441,201210,Fall 2012,2012-2013,Sophomore,6,5,3.333,6
52441,201220,Spring 2013,2012-2013,Sophomore,5,5,3.2,5
52441,201310,Fall 2013,2013-2014,Junior,5,5,3.133,5
52441,201320,Spring 2014,2013-2014,Junior,5,5,3.533,5
52441,201410,Fall 2014,2014-2015,Senior,6,6,3.556,6
52441,201420,Spring 2015,2014-2015,Senior,5,4,3.417,5
52923,201110,Fall 2011,2011-2012,Freshman,11,5,3.533,11
52923,201120,Spring 2012,2011-2012,Freshman,5,4,3.25,5
52923,201200,Summer 2012,2012-2013,Sophomore,2,2,3.833,2
52923,201210,Fall 2012,2012-2013,Sophomore,7,7,3.571,7
52923,201220,Spring 2013,2012-2013,Sophomore,7,7,3.333,7
52923,201300,Summer 2013,2013-2014,Junior,2,2,4.0,2
52923,201310,Fall 2013,2013-2014,Junior,6,5,3.6,6
52923,201320,Spring 2014,2013-2014,Junior,6,5,3.667,6
52923,201410,Fall 2014,2014-2015,Senior,6,5,3.733,6
52923,201420,Spring 2015,2014-2015,Senior,7,7,3.714,7
53275,201110,Fall 2011,2011-2012,Freshman,20,6,3.389,20
53275,201120,Spring 2012,2011-2012,Freshman,8,5,2.6,8
53275,201210,Fall 2012,2012-2013,Sophomore,6,5,3.066,6
53275,201220,Spring 2013,2012-2013,Sophomore,5,5,3.533,5
53275,201300,Summer 2013,2013-2014,Junior,1,1,4.0,1
53275,201310,Fall 2013,2013-2014,Junior,6,6,2.889,6
53275,201320,Spring 2014,2013-2014,Junior,5,5,3.133,5
53275,201410,Fall 2014,2014-2015,Senior,6,5,3.267,6
53275,201420,Spring 2015,2014-2015,Senior,5,5,2.333,4
53884,201110,Fall 2011,2011-2012,Freshman,10,5,3.8,10
53884,201120,Spring 2012,2011-2012,Freshman,6,5,3.467,6
53884,201210,Fall 2012,2012-2013,Sophomore,5,5,3.733,5
53884,201220,Spring 2013,2012-2013,Sophomore,5,5,3.8,5
53884,201310,Fall 2013,2013-2014,Junior,5,5,3.867,5
53884,201320,Spring 2014,2013-2014,Junior,5,5,3.8,5
53884,201410,Fall 2014,2014-2015,Senior,5,5,3.667,5
53884,201420,Spring 2015,2014-2015,Senior,4,4,3.833,4
57637,201110,Fall 2011,2011-2012,Freshman,10,5,3.467,10
57637,201120,Spring 2012,2011-2012,Freshman,6,5,3.533,6
57637,201210,Fall 2012,2012-2013,Sophomore,5,5,3.867,5
57637,201220,Spring 2013,2012-2013,Sophomore,5,5,3.933,5
57637,201310,Fall 2013,2013-2014,Junior,7,5,3.8,7
57637,201320,Spring 2014,2013-2014,Junior,5,5,3.8,5
57637,201410,Fall 2014,2014-2015,Senior,5,5,3.733,5
57637,201420,Spring 2015,2014-2015,Senior,4,4,3.917,4
58909,201110,Fall 2011,2011-2012,Freshman,12,5,3.2,12
58909,201120,Spring 2012,2011-2012,Freshman,6,5,2.933,6
58909,201210,Fall 2012,2012-2013,Sophomore,5,5,3.067,5
58909,201220,Spring 2013,2012-2013,Sophomore,6,5,3.0,6
58909,201300,Summer 2013,2013-2014,Junior,2,2,3.5,2
58909,201310,Fall 2013,2013-2014,Junior,6,6,2.945,6
58909,201320,Spring 2014,2013-2014,Junior,5,5,3.2,5
58909,201410,Fall 2014,2014-2015,Senior,5,5,3.267,5
58909,201420,Spring 2015,2014-2015,Senior,4,4,3.417,4
60482,201110,Fall 2011,2011-2012,Freshman,11,5,3.533,11
60482,201120,Spring 2012,2011-2012,Freshman,5,4,3.417,5
60482,201210,Fall 2012,2012-2013,Sophomore,5,5,3.734,5
60482,201220,Spring 2013,2012-2013,Sophomore,6,6,3.278,6
60482,201310,Fall 2013,2013-2014,Junior,6,6,3.445,6
60482,201320,Spring 2014,2013-2014,Junior,7,7,3.571,7
60482,201410,Fall 2014,2014-2015,Senior,4,4,3.083,4
60482,201420,Spring 2015,2014-2015,Senior,4,4,3.5,4
61280,201110,Fall 2011,2011-2012,Freshman,9,4,2.417,8
61280,201120,Spring 2012,2011-2012,Freshman,7,5,2.867,7
61280,201210,Fall 2012,2012-2013,Sophomore,6,5,2.8,6
61280,201220,Spring 2013,2012-2013,Sophomore,6,5,2.8,6
61280,201310,Fall 2013,2013-2014,Junior,5,5,2.133,5
61280,201320,Spring 2014,2013-2014,Junior,4,4,2.167,4
61280,201410,Fall 2014,2014-2015,Senior,6,6,2.167,6
61280,201420,Spring 2015,2014-2015,Senior,5,5,1.933,5
63063,201110,Fall 2011,2011-2012,Freshman,11,5,3.0,11
63063,201120,Spring 2012,2011-2012,Freshman,6,5,2.934,6
63063,201210,Fall 2012,2012-2013,Sophomore,6,6,3.389,6
63063,201220,Spring 2013,2012-2013,Sophomore,7,7,2.952,7
63063,201310,Fall 2013,2013-2014,Junior,5,5,3.266,5
63063,201320,Spring 2014,2013-2014,Junior,5,5,3.467,5
63063,201410,Fall 2014,2014-2015,Senior,5,5,3.333,5
63063,201420,Spring 2015,2014-2015,Senior,4,4,3.583,4
63188,201110,Fall 2011,2011-2012,Freshman,9,5,2.667,9
63188,201120,Spring 2012,2011-2012,Freshman,6,5,2.733,6
63188,201210,Fall 2012,2012-2013,Sophomore,5,5,3.2,5
63188,201220,Spring 2013,2012-2013,Sophomore,5,5,3.4,5
63188,201310,Fall 2013,2013-2014,Junior,5,4,3.333,5
63188,201320,Spring 2014,2013-2014,Junior,5,5,3.533,5
63188,201410,Fall 2014,2014-2015,Senior,5,5,3.534,5
63188,201420,Spring 2015,2014-2015,Senior,4,4,3.583,4
63757,201100,Summer 2011 / AP,2011-2012,Pre-College,1,1,3.667,1
63757,201110,Fall 2011,2011-2012,Freshman,14,6,3.667,14
63757,201120,Spring 2012,2011-2012,Freshman,8,5,3.8,8
63757,201210,Fall 2012,2012-2013,Sophomore,6,6,3.556,6
63757,201220,Spring 2013,2012-2013,Sophomore,6,6,3.389,6
63757,201300,Summer 2013,2013-2014,Junior,2,2,3.833,2
63757,201310,Fall 2013,2013-2014,Junior,7,6,3.389,7
63757,201320,Spring 2014,2013-2014,Junior,5,5,3.667,5
63757,201410,Fall 2014,2014-2015,Senior,5,5,3.734,5
63757,201420,Spring 2015,2014-2015,Senior,6,5,3.467,6
66245,201110,Fall 2011,2011-2012,Freshman,8,5,3.733,8
66245,201120,Spring 2012,2011-2012,Freshman,7,5,3.867,7
66245,201210,Fall 2012,2012-2013,Sophomore,5,5,3.667,5
66245,201220,Spring 2013,2012-2013,Sophomore,6,5,3.4,6
66245,201310,Fall 2013,2013-2014,Junior,6,5,4.0,6
66245,201320,Spring 2014,2013-2014,Junior,6,5,3.533,6
66245,201410,Fall 2014,2014-2015,Senior,6,5,3.867,6
66245,201420,Spring 2015,2014-2015,Senior,4,4,3.75,4
66754,201110,Fall 2011,2011-2012,Freshman,9,4,3.583,9
66754,201120,Spring 2012,2011-2012,Freshman,6,5,3.6,6
66754,201210,Fall 2012,2012-2013,Sophomore,5,5,3.467,5
66754,201220,Spring 2013,2012-2013,Sophomore,5,5,3.8,5
66754,201310,Fall 2013,2013-2014,Junior,7,6,3.945,7
66754,201320,Spring 2014,2013-2014,Junior,5,5,3.733,5
66754,201410,Fall 2014,2014-2015,Senior,5,5,4.0,5
66754,201420,Spring 2015,2014-2015,Senior,2,2,4.0,2
66991,201110,Fall 2011,2011-2012,Freshman,12,5,3.8,12
66991,201120,Spring 2012,2011-2012,Freshman,6,5,3.733,6
66991,201210,Fall 2012,2012-2013,Sophomore,7,7,3.571,7
66991,201220,Spring 2013,2012-2013,Sophomore,7,5,3.6,7
66991,201310,Fall 2013,2013-2014,Junior,7,6,3.889,7
66991,201320,Spring 2014,2013-2014,Junior,7,7,3.81,7
66991,201410,Fall 2014,2014-2015,Senior,7,7,3.762,7
66991,201420,Spring 2015,2014-2015,Senior,5,4,3.917,5
68533,201110,Fall 2011,2011-2012,Freshman,9,5,3.4,9
68533,201120,Spring 2012,2011-2012,Freshman,6,5,3.333,6
68533,201210,Fall 2012,2012-2013,Sophomore,7,6,3.333,7
68533,201220,Spring 2013,2012-2013,Sophomore,7,6,3.5,7
68533,201300,Summer 2013,2013-2014,Junior,2,2,4.0,2
68533,201310,Fall 2013,2013-2014,Junior,6,6,3.055,6
68533,201320,Spring 2014,2013-2014,Junior,5,5,3.067,5
68533,201410,Fall 2014,2014-2015,Senior,7,7,3.381,7
68533,201420,Spring 2015,2014-2015,Senior,6,5,2.8,6
68633,201110,Fall 2011,2011-2012,Freshman,10,5,3.267,10
68633,201120,Spring 2012,2011-2012,Freshman,6,5,3.467,6
68633,201210,Fall 2012,2012-2013,Sophomore,6,5,3.667,6
68633,201220,Spring 2013,2012-2013,Sophomore,6,4,3.917,6
68633,201310,Fall 2013,2013-2014,Junior,7,7,3.857,7
68633,201320,Spring 2014,2013-2014,Junior,7,6,3.833,7
68633,201410,Fall 2014,2014-2015,Senior,6,6,3.556,6
68633,201420,Spring 2015,2014-2015,Senior,5,5,3.333,5
69065,201110,Fall 2011,2011-2012,Freshman,11,5,3.533,11
69065,201120,Spring 2012,2011-2012,Freshman,7,5,3.8,7
69065,201210,Fall 2012,2012-2013,Sophomore,6,5,3.667,6
69065,201220,Spring 2013,2012-2013,Sophomore,7,6,3.722,7
69065,201310,Fall 2013,2013-2014,Junior,6,5,3.867,6
69065,201320,Spring 2014,2013-2014,Junior,6,5,3.867,6
69065,201410,Fall 2014,2014-2015,Senior,5,4,3.75,5
69065,201420,Spring 2015,2014-2015,Senior,5,4,3.917,5
70889,201110,Fall 2011,2011-2012,Freshman,13,5,3.2,13
70889,201120,Spring 2012,2011-2012,Freshman,7,5,3.533,7
70889,201210,Fall 2012,2012-2013,Sophomore,8,7,3.286,8
70889,201220,Spring 2013,2012-2013,Sophomore,7,6,3.167,7
70889,201310,Fall 2013,2013-2014,Junior,8,7,3.381,8
70889,201320,Spring 2014,2013-2014,Junior,6,6,3.277,6
70889,201410,Fall 2014,2014-2015,Senior,7,6,3.667,7
70889,201420,Spring 2015,2014-2015,Senior,6,4,3.833,6
71518,201110,Fall 2011,2011-2012,Freshman,12,7,3.429,12
71518,201120,Spring 2012,2011-2012,Freshman,6,6,3.333,6
71518,201210,Fall 2012,2012-2013,Sophomore,8,7,3.381,8
71518,201220,Spring 2013,2012-2013,Sophomore,8,8,3.667,8
71518,201310,Fall 2013,2013-2014,Junior,7,7,3.381,7
71518,201320,Spring 2014,2013-2014,Junior,6,6,3.611,6
71518,201410,Fall 2014,2014-2015,Senior,6,6,3.5,6
71518,201420,Spring 2015,2014-2015,Senior,5,5,3.534,5
71627,201110,Fall 2011,2011-2012,Freshman,11,6,3.333,11
71627,201120,Spring 2012,2011-2012,Freshman,7,5,3.733,7
71627,201210,Fall 2012,2012-2013,Sophomore,7,5,3.6,7
71627,201220,Spring 2013,2012-2013,Sophomore,6,5,3.533,6
71627,201310,Fall 2013,2013-2014,Junior,6,5,3.6,6
71627,201320,Spring 2014,2013-2014,Junior,6,5,3.667,6
71627,201410,Fall 2014,2014-2015,Senior,5,5,3.4,5
71627,201420,Spring 2015,2014-2015,Senior,5,5,3.8,5
72700,201110,Fall 2011,2011-2012,Freshman,13,6,3.833,13
72700,201120,Spring 2012,2011-2012,Freshman,10,8,4.0,10
72700,201210,Fall 2012,2012-2013,Sophomore,6,5,3.733,6
72700,201220,Spring 2013,2012-2013,Sophomore,7,6,3.889,7
72700,201300,Summer 2013,2013-2014,Junior,1,1,4.0,1
72700,201410,Fall 2014,2014-2015,Senior,6,4,4.0,6
72700,201420,Spring 2015,2014-2015,Senior,5,5,4.0,5
72746,201110,Fall 2011,2011-2012,Freshman,10,5,3.133,10
72746,201120,Spring 2012,2011-2012,Freshman,6,5,3.267,6
72746,201210,Fall 2012,2012-2013,Sophomore,6,6,2.556,6
72746,201220,Spring 2013,2012-2013,Sophomore,5,5,2.8,5
72746,201310,Fall 2013,2013-2014,Junior,5,5,2.733,5
72746,201320,Spring 2014,2013-2014,Junior,6,6,2.611,6
72746,201410,Fall 2014,2014-2015,Senior,4,4,2.917,4
72746,201420,Spring 2015,2014-2015,Senior,4,4,2.833,4
73303,201110,Fall 2011,2011-2012,Freshman,9,5,3.6,9
73303,201120,Spring 2012,2011-2012,Freshman,6,5,3.933,6
73303,201210,Fall 2012,2012-2013,Sophomore,6,6,3.611,6
73303,201220,Spring 2013,2012-2013,Sophomore,5,5,3.467,5
73303,201310,Fall 2013,2013-2014,Junior,5,5,3.8,5
73303,201320,Spring 2014,2013-2014,Junior,5,5,3.667,5
73303,201400,Summer 2014,2014-2015,Senior,1,1,4.0,1
73303,201410,Fall 2014,2014-2015,Senior,5,5,3.667,5
73303,201420,Spring 2015,2014-2015,Senior,4,4,3.75,4
74916,201110,Fall 2011,2011-2012,Freshman,10,6,3.389,10
74916,201120,Spring 2012,2011-2012,Freshman,7,6,3.167,7
74916,201210,Fall 2012,2012-2013,Sophomore,5,5,2.467,5
74916,201220,Spring 2013,2012-2013,Sophomore,6,6,2.778,6
74916,201310,Fall 2013,2013-2014,Junior,6,5,2.067,5
74916,201320,Spring 2014,2013-2014,Junior,6,5,3.133,6
74916,201410,Fall 2014,2014-2015,Senior,6,6,2.889,6
74916,201420,Spring 2015,2014-2015,Senior,9,7,2.809,9
75178,201110,Fall 2011,2011-2012,Freshman,8,5,4.0,8
75178,201120,Spring 2012,2011-2012,Freshman,6,5,4.0,6
75178,201210,Fall 2012,2012-2013,Sophomore,5,5,3.867,5
75178,201220,Spring 2013,2012-2013,Sophomore,5,5,3.867,5
75178,201310,Fall 2013,2013-2014,Junior,4,4,4.0,4
75178,201320,Spring 2014,2013-2014,Junior,5,5,3.933,5
75178,201410,Fall 2014,2014-2015,Senior,5,4,4.0,5
75178,201420,Spring 2015,2014-2015,Senior,5,5,4.0,5
75468,201110,Fall 2011,2011-2012,Freshman,13,5,3.867,13
75468,201120,Spring 2012,2011-2012,Freshman,7,5,3.867,7
75468,201210,Fall 2012,2012-2013,Sophomore,7,7,3.952,7
75468,201220,Spring 2013,2012-2013,Sophomore,7,6,4.0,7
75468,201310,Fall 2013,2013-2014,Junior,6,6,4.0,6
75468,201320,Spring 2014,2013-2014,Junior,5,5,3.8,5
75468,201400,Summer 2014,2014-2015,Senior,2,2,4.0,2
75468,201410,Fall 2014,2014-2015,Senior,6,6,4.0,6
75468,201420,Spring 2015,2014-2015,Senior,6,6,4.0,6
77291,201110,Fall 2011,2011-2012,Freshman,8,5,3.133,8
77291,201120,Spring 2012,2011-2012,Freshman,5,3,3.0,5
77291,201210,Fall 2012,2012-2013,Sophomore,6,5,3.2,6
77291,201220,Spring 2013,2012-2013,Sophomore,5,5,3.267,5
77291,201310,Fall 2013,2013-2014,Junior,5,4,3.25,5
77291,201320,Spring 2014,2013-2014,Junior,5,5,3.467,5
77291,201410,Fall 2014,2014-2015,Senior,6,6,3.389,6
77291,201420,Spring 2015,2014-2015,Senior,5,4,3.417,5
78911,201110,Fall 2011,2011-2012,Freshman,14,6,3.945,14
78911,201120,Spring 2012,2011-2012,Freshman,9,6,3.889,9
78911,201210,Fall 2012,2012-2013,Sophomore,7,6,3.833,7
78911,201220,Spring 2013,2012-2013,Sophomore,8,7,3.905,8
78911,201310,Fall 2013,2013-2014,Junior,6,6,3.889,6
78911,201320,Spring 2014,2013-2014,Junior,9,7,3.952,9
78911,201410,Fall 2014,2014-2015,Senior,9,8,3.958,9
78911,201420,Spring 2015,2014-2015,Senior,5,5,4.0,5
78966,201110,Fall 2011,2011-2012,Freshman,11,5,3.8,11
78966,201120,Spring 2012,2011-2012,Freshman,7,5,3.4,7
78966,201210,Fall 2012,2012-2013,Sophomore,5,5,3.467,5
78966,201220,Spring 2013,2012-2013,Sophomore,5,5,3.867,5
78966,201300,Summer 2013,2013-2014,Junior,2,2,3.833,2
78966,201310,Fall 2013,2013-2014,Junior,5,5,3.467,5
78966,201320,Spring 2014,2013-2014,Junior,5,5,3.467,5
78966,201410,Fall 2014,2014-2015,Senior,10,8,3.708,10
78966,201420,Spring 2015,2014-2015,Senior,10,9,3.593,10
82060,201110,Fall 2011,2011-2012,Freshman,9,5,3.667,9
82060,201120,Spring 2012,2011-2012,Freshman,7,5,3.667,7
82060,201210,Fall 2012,2012-2013,Sophomore,6,6,3.833,6
82060,201220,Spring 2013,2012-2013,Sophomore,5,5,4.0,5
82060,201310,Fall 2013,2013-2014,Junior,5,5,4.0,5
82060,201320,Spring 2014,2013-2014,Junior,5,5,4.0,5
82060,201410,Fall 2014,2014-2015,Senior,5,5,3.933,5
82060,201420,Spring 2015,2014-2015,Senior,2,2,3.833,2
83184,201110,Fall 2011,2011-2012,Freshman,8,5,3.467,8
83184,201120,Spring 2012,2011-2012,Freshman,6,5,3.733,6
83184,201210,Fall 2012,2012-2013,Sophomore,6,6,3.722,6
83184,201220,Spring 2013,2012-2013,Sophomore,5,5,3.733,5
83184,201310,Fall 2013,2013-2014,Junior,6,6,3.833,6
83184,201320,Spring 2014,2013-2014,Junior,7,7,3.857,7
83184,201410,Fall 2014,2014-2015,Senior,8,7,3.952,8
83184,201420,Spring 2015,2014-2015,Senior,5,4,4.0,5
83568,201110,Fall 2011,2011-2012,Freshman,16,6,3.667,16
83568,201120,Spring 2012,2011-2012,Freshman,9,6,3.5,9
83568,201200,Summer 2012,2012-2013,Sophomore,1,1,4.0,1
83568,201210,Fall 2012,2012-2013,Sophomore,6,6,4.0,6
83568,201220,Spring 2013,2012-2013,Sophomore,5,5,4.0,5
83568,201310,Fall 2013,2013-2014,Junior,7,5,3.8,7
83568,201320,Spring 2014,2013-2014,Junior,6,6,3.833,6
83568,201410,Fall 2014,2014-2015,Senior,7,6,3.611,7
83568,201420,Spring 2015,2014-2015,Senior,6,5,3.867,6
84472,201110,Fall 2011,2011-2012,Freshman,14,6,3.167,14
84472,201120,Spring 2012,2011-2012,Freshman,7,6,2.889,7
84472,201210,Fall 2012,2012-2013,Sophomore,7,6,2.667,7
84472,201220,Spring 2013,2012-2013,Sophomore,9,7,3.333,9
84472,201310,Fall 2013,2013-2014,Junior,7,6,3.222,7
84472,201320,Spring 2014,2013-2014,Junior,7,6,3.445,7
84472,201400,Summer 2014,2014-2015,Senior,2,2,3.5,2
84472,201410,Fall 2014,2014-2015,Senior,6,5,2.933,6
84472,201420,Spring 2015,2014-2015,Senior,5,4,2.583,5
85596,201110,Fall 2011,2011-2012,Freshman,8,5,3.6,8
85596,201120,Spring 2012,2011-2012,Freshman,7,5,3.8,7
85596,201210,Fall 2012,2012-2013,Sophomore,7,6,3.833,7
85596,201220,Spring 2013,2012-2013,Sophomore,8,6,3.889,8
85596,201300,Summer 2013,2013-2014,Junior,2,2,3.5,2
85596,201310,Fall 2013,2013-2014,Junior,7,6,3.833,7
85596,201320,Spring 2014,2013-2014,Junior,7,7,3.857,7
85596,201410,Fall 2014,2014-2015,Senior,6,6,3.611,6
85596,201420,Spring 2015,2014-2015,Senior,6,5,3.733,6
85970,201110,Fall 2011,2011-2012,Freshman,12,6,3.389,12
85970,201120,Spring 2012,2011-2012,Freshman,7,6,3.111,7
85970,201210,Fall 2012,2012-2013,Sophomore,6,6,3.167,6
85970,201220,Spring 2013,2012-2013,Sophomore,6,6,3.222,6
85970,201310,Fall 2013,2013-2014,Junior,7,6,3.333,7
85970,201320,Spring 2014,2013-2014,Junior,6,6,3.333,6
85970,201410,Fall 2014,2014-2015,Senior,6,6,3.278,6
85970,201420,Spring 2015,2014-2015,Senior,5,5,3.867,5
90289,201110,Fall 2011,2011-2012,Freshman,7,5,3.6,7
90289,201120,Spring 2012,2011-2012,Freshman,7,6,3.722,7
90289,201210,Fall 2012,2012-2013,Sophomore,9,8,3.708,9
90289,201220,Spring 2013,2012-2013,Sophomore,8,8,3.625,8
90289,201310,Fall 2013,2013-2014,Junior,6,6,3.722,6
90289,201320,Spring 2014,2013-2014,Junior,5,4,3.583,5
90289,201410,Fall 2014,2014-2015,Senior,7,6,3.667,7
90289,201420,Spring 2015,2014-2015,Senior,5,4,3.167,5
90844,201220,Spring 2013,2012-2013,Sophomore,1,1,4.0,1
90844,201310,Fall 2013,2013-2014,Junior,1,1,3.667,1
90844,201410,Fall 2014,2014-2015,Senior,2,2,3.667,2
90844,201420,Spring 2015,2014-2015,Senior,1,1,4.0,1
91064,201110,Fall 2011,2011-2012,Freshman,13,5,3.333,13
91064,201120,Spring 2012,2011-2012,Freshman,6,4,3.167,6
91064,201210,Fall 2012,2012-2013,Sophomore,7,5,3.267,7
91064,201220,Spring 2013,2012-2013,Sophomore,8,4,3.25,8
91064,201310,Fall 2013,2013-2014,Junior,6,4,3.5,6
91064,201320,Spring 2014,2013-2014,Junior,7,4,3.333,7
91064,201410,Fall 2014,2014-2015,Senior,7,5,3.4,7
91064,201420,Spring 2015,2014-2015,Senior,7,4,3.417,7
92070,201110,Fall 2011,2011-2012,Freshman,14,5,3.867,14
92070,201120,Spring 2012,2011-2012,Freshman,6,5,3.933,6
92070,201210,Fall 2012,2012-2013,Sophomore,5,5,3.933,5
92070,201220,Spring 2013,2012-2013,Sophomore,6,5,3.8,6
92070,201310,Fall 2013,2013-2014,Junior,5,5,3.667,5
92070,201320,Spring 2014,2013-2014,Junior,5,5,3.867,5
92070,201410,Fall 2014,2014-2015,Senior,4,4,3.667,4
92070,201420,Spring 2015,2014-2015,Senior,4,3,3.889,4
92220,201310,Fall 2013,2013-2014,Junior,19,5,3.667,19
92220,201320,Spring 2014,2013-2014,Junior,9,4,3.667,9
92220,201410,Fall 2014,2014-2015,Senior,8,7,3.571,8
92220,201420,Spring 2015,2014-2015,Senior,10,7,3.619,10
92699,201110,Fall 2011,2011-2012,Freshman,7,6,3.0,7
92699,201120,Spring 2012,2011-2012,Freshman,7,6,2.833,7
92699,201210,Fall 2012,2012-2013,Sophomore,6,6,3.055,6
92699,201220,Spring 2013,2012-2013,Sophomore,6,6,3.278,6
92699,201310,Fall 2013,2013-2014,Junior,6,5,3.467,6
92699,201320,Spring 2014,2013-2014,Junior,6,6,3.389,6
92699,201410,Fall 2014,2014-2015,Senior,5,4,3.167,5
92699,201420,Spring 2015,2014-2015,Senior,4,4,3.333,4
92811,201310,Fall 2013,2013-2014,Junior,12,6,3.056,12
92811,201320,Spring 2014,2013-2014,Junior,7,6,3.333,7
92811,201400,Summer 2014,2014-2015,Senior,1,1,4.0,1
92811,201410,Fall 2014,2014-2015,Senior,8,8,3.708,8
92811,201420,Spring 2015,2014-2015,Senior,8,8,3.792,8
93418,201310,Fall 2013,2013-2014,Junior,10,5,2.867,10
93418,201320,Spring 2014,2013-2014,Junior,6,5,3.0,6
93418,201410,Fall 2014,2014-2015,Senior,6,6,2.778,6
93418,201420,Spring 2015,2014-2015,Senior,5,5,2.6,5
95400,201110,Fall 2011,2011-2012,Freshman,11,6,3.222,11
95400,201120,Spring 2012,2011-2012,Freshman,7,5,2.933,7
95400,201210,Fall 2012,2012-2013,Sophomore,8,6,3.555,8
95400,201220,Spring 2013,2012-2013,Sophomore,5,5,3.333,5
95400,201310,Fall 2013,2013-2014,Junior,6,4,3.667,6
95400,201320,Spring 2014,2013-2014,Junior,5,5,3.867,5
95400,201410,Fall 2014,2014-2015,Senior,6,5,3.4,6
95400,201420,Spring 2015,2014-2015,Senior,6,4,3.25,6
95798,201110,Fall 2011,2011-2012,Freshman,11,5,3.667,11
95798,201120,Spring 2012,2011-2012,Freshman,7,5,3.6,7
95798,201210,Fall 2012,2012-2013,Sophomore,6,5,3.733,6
95798,201220,Spring 2013,2012-2013,Sophomore,6,6,3.778,6
95798,201310,Fall 2013,2013-2014,Junior,7,6,3.723,7
95798,201320,Spring 2014,2013-2014,Junior,6,5,3.933,6
95798,201410,Fall 2014,2014-2015,Senior,6,6,3.778,6
95798,201420,Spring 2015,2014-2015,Senior,6,5,3.8,6
95994,201110,Fall 2011,2011-2012,Freshman,14,8,3.958,14
95994,201120,Spring 2012,2011-2012,Freshman,11,8,3.875,11
95994,201210,Fall 2012,2012-2013,Sophomore,10,9,3.889,10
95994,201220,Spring 2013,2012-2013,Sophomore,10,8,3.75,10
95994,201310,Fall 2013,2013-2014,Junior,8,7,3.81,8
95994,201320,Spring 2014,2013-2014,Junior,12,9,3.926,12
95994,201410,Fall 2014,2014-2015,Senior,8,7,3.952,8
95994,201420,Spring 2015,2014-2015,Senior,10,6,3.889,10
96124,201310,Fall 2013,2013-2014,Junior,13,5,3.467,13
96124,201320,Spring 2014,2013-2014,Junior,6,5,2.867,6
96124,201410,Fall 2014,2014-2015,Senior,5,5,3.2,5
96124,201420,Spring 2015,2014-2015,Senior,6,5,3.133,6
96492,201210,Fall 2012,2012-2013,Sophomore,6,5,3.933,6
96492,201220,Spring 2013,2012-2013,Sophomore,6,5,4.0,6
96492,201310,Fall 2013,2013-2014,Junior,5,5,3.8,5
96492,201320,Spring 2014,2013-2014,Junior,5,5,4.0,5
97655,201110,Fall 2011,2011-2012,Freshman,10,5,3.733,10
97655,201120,Spring 2012,2011-2012,Freshman,6,5,3.933,6
97655,201210,Fall 2012,2012-2013,Sophomore,5,5,4.0,5
97655,201220,Spring 2013,2012-2013,Sophomore,4,4,3.917,4
97655,201310,Fall 2013,2013-2014,Junior,5,5,4.0,5
97655,201320,Spring 2014,2013-2014,Junior,5,5,4.0,5
97655,201410,Fall 2014,2014-2015,Senior,6,6,3.833,6
97655,201420,Spring 2015,2014-2015,Senior,7,6,3.611,7
97933,201210,Fall 2012,2012-2013,Sophomore,8,5,2.667,8
97933,201220,Spring 2013,2012-2013,Sophomore,6,5,2.8,6
97933,201310,Fall 2013,2013-2014,Junior,7,6,2.389,7
97933,201320,Spring 2014,2013-2014,Junior,4,4,1.667,4
97933,201400,Summer 2014,2014-2015,Senior,2,2,3.0,2
97933,201410,Fall 2014,2014-2015,Senior,5,5,2.267,5
97933,201420,Spring 2015,2014-2015,Senior,6,6,2.889,6
98326,201210,Fall 2012,2012-2013,Sophomore,6,5,3.333,6
98326,201220,Spring 2013,2012-2013,Sophomore,6,5,3.267,6
98326,201310,Fall 2013,2013-2014,Junior,5,5,3.333,5
98326,201320,Spring 2014,2013-2014,Junior,5,5,3.0,5
98326,201410,Fall 2014,2014-2015,Senior,6,5,3.533,6
98326,201420,Spring 2015,2014-2015,Senior,5,5,3.333,5
98639,201110,Fall 2011,2011-2012,Freshman,12,5,3.4,12
98639,201120,Spring 2012,2011-2012,Freshman,6,5,3.734,6
98639,201210,Fall 2012,2012-2013,Sophomore,8,4,3.75,8
98639,201220,Spring 2013,2012-2013,Sophomore,9,7,3.571,9
98639,201310,Fall 2013,2013-2014,Junior,7,6,3.833,7
98639,201320,Spring 2014,2013-2014,Junior,5,5,3.6,5
98639,201410,Fall 2014,2014-2015,Senior,7,6,3.889,7
98639,201420,Spring 2015,2014-2015,Senior,7,6,3.833,7
99367,201110,Fall 2011,2011-2012,Freshman,9,5,2.933,9
99367,201120,Spring 2012,2011-2012,Freshman,6,5,3.2,6
99367,201210,Fall 2012,2012-2013,Sophomore,5,5,2.867,5
99367,201220,Spring 2013,2012-2013,Sophomore,6,5,3.333,6
99367,201310,Fall 2013,2013-2014,Junior,6,5,3.534,6
99367,201320,Spring 2014,2013-2014,Junior,7,5,3.0,7
99367,201410,Fall 2014,2014-2015,Senior,6,5,3.4,6
99367,201420,Spring 2015,2014-2015,Senior,4,3,3.444,4
99749,201310,Fall 2013,2013-2014,Junior,12,5,3.067,12
99749,201320,Spring 2014,2013-2014,Junior,6,5,3.467,6
99749,201400,Summer 2014,2014-2015,Senior,2,2,2.667,2
99749,201410,Fall 2014,2014-2015,Senior,5,5,2.4,4
99749,201420,Spring 2015,2014-2015,Senior,5,5,3.0,5
99856,201110,Fall 2011,2011-2012,Freshman,20,6,3.333,20
99856,201120,Spring 2012,2011-2012,Freshman,7,6,2.445,7
99856,201210,Fall 2012,2012-2013,Sophomore,4,4,3.5,4
99856,201220,Spring 2013,2012-2013,Sophomore,5,4,3.25,5
99856,201310,Fall 2013,2013-2014,Junior,5,5,3.267,5
99856,201320,Spring 2014,2013-2014,Junior,5,5,2.867,5
99856,201410,Fall 2014,2014-2015,Senior,4,4,3.333,4
99856,201420,Spring 2015,2014-2015,Senior,4,4,3.75,4
