ego1,ego2,term,semester,academic_year,college_year,crn
10841,39783,201100,Summer 2011 / AP,2011-2012,Pre-College,3243
10841,11692,201110,Fall 2011,2011-2012,Freshman,101001001
10841,11692,201110,Fall 2011,2011-2012,Freshman,101001002
10841,15071,201110,Fall 2011,2011-2012,Freshman,14270
10841,16933,201110,Fall 2011,2011-2012,Freshman,10870
10841,17353,201110,Fall 2011,2011-2012,Freshman,201001001
10841,17353,201110,Fall 2011,2011-2012,Freshman,201002002
10841,17353,201110,Fall 2011,2011-2012,Freshman,201003003
10841,23144,201110,Fall 2011,2011-2012,Freshman,10710
10841,24543,201110,Fall 2011,2011-2012,Freshman,13154
10841,28831,201110,Fall 2011,2011-2012,Freshman,13066
10841,29914,201110,Fall 2011,2011-2012,Freshman,12447
10841,39783,201110,Fall 2011,2011-2012,Freshman,15002
11692,13799,201110,Fall 2011,2011-2012,Freshman,11528
11692,26999,201110,Fall 2011,2011-2012,Freshman,13157
11692,26999,201110,Fall 2011,2011-2012,Freshman,19061
11692,32100,201110,Fall 2011,2011-2012,Freshman,13742
11692,91064,201110,Fall 2011,2011-2012,Freshman,12194
13799,15723,201110,Fall 2011,2011-2012,Freshman,13159
13799,23144,201110,Fall 2011,2011-2012,Freshman,14895
13799,26999,201110,Fall 2011,2011-2012,Freshman,12220
14106,15071,201110,Fall 2011,2011-2012,Freshman,101002002
14106,15723,201110,Fall 2011,2011-2012,Freshman,101003003
14106,15776,201110,Fall 2011,2011-2012,Freshman,101004004
14106,18420,201110,Fall 2011,2011-2012,Freshman,13744
14106,22745,201110,Fall 2011,2011-2012,Freshman,11916
14106,23144,201110,Fall 2011,2011-2012,Freshman,101005005
14106,23144,201110,Fall 2011,2011-2012,Freshman,101006006
14106,26425,201110,Fall 2011,2011-2012,Freshman,101007007
14106,36006,201110,Fall 2011,2011-2012,Freshman,13161
14106,46771,201110,Fall 2011,2011-2012,Freshman,101008009
14106,51552,201110,Fall 2011,2011-2012,Freshman,14692
14106,53275,201110,Fall 2011,2011-2012,Freshman,101008008
14106,63188,201110,Fall 2011,2011-2012,Freshman,18352
14106,77291,201110,Fall 2011,2011-2012,Freshman,10869
15071,16313,201110,Fall 2011,2011-2012,Freshman,13160
15071,23040,201110,Fall 2011,2011-2012,Freshman,11800
15071,24543,201110,Fall 2011,2011-2012,Freshman,10913
15071,29914,201110,Fall 2011,2011-2012,Freshman,12198
15071,38927,201110,Fall 2011,2011-2012,Freshman,12438
15723,15776,201110,Fall 2011,2011-2012,Freshman,14269
15723,26425,201110,Fall 2011,2011-2012,Freshman,10872
15723,37617,201110,Fall 2011,2011-2012,Freshman,10709
15776,18420,201110,Fall 2011,2011-2012,Freshman,13163
15776,32100,201110,Fall 2011,2011-2012,Freshman,12577
15776,69065,201110,Fall 2011,2011-2012,Freshman,11992
16313,23040,201110,Fall 2011,2011-2012,Freshman,12191
16313,95400,201110,Fall 2011,2011-2012,Freshman,10516
16933,18420,201110,Fall 2011,2011-2012,Freshman,10841
16933,18420,201110,Fall 2011,2011-2012,Freshman,101004005
16933,29914,201110,Fall 2011,2011-2012,Freshman,12239
16933,29914,201110,Fall 2011,2011-2012,Freshman,16132
16933,71518,201110,Fall 2011,2011-2012,Freshman,12101
16933,83568,201110,Fall 2011,2011-2012,Freshman,10091
17353,19066,201110,Fall 2011,2011-2012,Freshman,13155
17353,21350,201110,Fall 2011,2011-2012,Freshman,15891
17353,26425,201110,Fall 2011,2011-2012,Freshman,13067
17353,44520,201110,Fall 2011,2011-2012,Freshman,13164
17353,51597,201110,Fall 2011,2011-2012,Freshman,201004004
17353,51597,201110,Fall 2011,2011-2012,Freshman,201005005
17353,92070,201110,Fall 2011,2011-2012,Freshman,15320
18420,24543,201110,Fall 2011,2011-2012,Freshman,101005006
18420,24760,201110,Fall 2011,2011-2012,Freshman,13042
18420,44520,201110,Fall 2011,2011-2012,Freshman,10805
18420,71518,201110,Fall 2011,2011-2012,Freshman,18662
19066,24853,201110,Fall 2011,2011-2012,Freshman,10118
19066,51722,201110,Fall 2011,2011-2012,Freshman,12839
19066,60482,201110,Fall 2011,2011-2012,Freshman,18653
22617,24543,201110,Fall 2011,2011-2012,Freshman,14271
22617,53884,201110,Fall 2011,2011-2012,Freshman,18649
22617,57637,201110,Fall 2011,2011-2012,Freshman,11963
22745,24760,201110,Fall 2011,2011-2012,Freshman,15533
22745,33094,201110,Fall 2011,2011-2012,Freshman,101002003
22745,33094,201110,Fall 2011,2011-2012,Freshman,101003004
22745,51102,201110,Fall 2011,2011-2012,Freshman,13162
23040,45000,201110,Fall 2011,2011-2012,Freshman,11221
23040,66754,201110,Fall 2011,2011-2012,Freshman,14776
23144,24543,201110,Fall 2011,2011-2012,Freshman,101006007
24543,38927,201110,Fall 2011,2011-2012,Freshman,11801
24760,26999,201110,Fall 2011,2011-2012,Freshman,11960
24760,33094,201110,Fall 2011,2011-2012,Freshman,12472
24760,51102,201110,Fall 2011,2011-2012,Freshman,19763
24760,61280,201110,Fall 2011,2011-2012,Freshman,12435
24853,52441,201110,Fall 2011,2011-2012,Freshman,15718
25171,25494,201110,Fall 2011,2011-2012,Freshman,11203
25171,25494,201110,Fall 2011,2011-2012,Freshman,15158
25171,36951,201110,Fall 2011,2011-2012,Freshman,15227
25171,40629,201110,Fall 2011,2011-2012,Freshman,101001004
25171,66991,201110,Fall 2011,2011-2012,Freshman,10168
25171,72700,201110,Fall 2011,2011-2012,Freshman,12448
25323,36951,201110,Fall 2011,2011-2012,Freshman,15154
25494,29914,201110,Fall 2011,2011-2012,Freshman,13156
26425,46771,201110,Fall 2011,2011-2012,Freshman,101007008
26425,48187,201110,Fall 2011,2011-2012,Freshman,12273
26425,52923,201110,Fall 2011,2011-2012,Freshman,12315
26425,92070,201110,Fall 2011,2011-2012,Freshman,11997
26999,48187,201110,Fall 2011,2011-2012,Freshman,11915
26999,57637,201110,Fall 2011,2011-2012,Freshman,14268
28831,32100,201110,Fall 2011,2011-2012,Freshman,15526
28831,39783,201110,Fall 2011,2011-2012,Freshman,13061
28831,83184,201110,Fall 2011,2011-2012,Freshman,12152
32100,40629,201110,Fall 2011,2011-2012,Freshman,15156
32174,63757,201110,Fall 2011,2011-2012,Freshman,101002004
32174,66245,201110,Fall 2011,2011-2012,Freshman,12312
32174,72700,201110,Fall 2011,2011-2012,Freshman,18850
32174,95798,201110,Fall 2011,2011-2012,Freshman,10029
33094,38927,201110,Fall 2011,2011-2012,Freshman,11654
33094,63757,201110,Fall 2011,2011-2012,Freshman,101005007
33094,85970,201110,Fall 2011,2011-2012,Freshman,11964
36951,51102,201110,Fall 2011,2011-2012,Freshman,10539
36951,78911,201110,Fall 2011,2011-2012,Freshman,12441
37617,44956,201110,Fall 2011,2011-2012,Freshman,11353
37617,70889,201110,Fall 2011,2011-2012,Freshman,12852
38927,46021,201110,Fall 2011,2011-2012,Freshman,13158
38927,51552,201110,Fall 2011,2011-2012,Freshman,10912
40629,45292,201110,Fall 2011,2011-2012,Freshman,12149
40629,60482,201110,Fall 2011,2011-2012,Freshman,101003005
40629,83568,201110,Fall 2011,2011-2012,Freshman,12181
40629,84472,201110,Fall 2011,2011-2012,Freshman,101004006
44520,51552,201110,Fall 2011,2011-2012,Freshman,201001002
44520,92070,201110,Fall 2011,2011-2012,Freshman,201003004
44520,92070,201110,Fall 2011,2011-2012,Freshman,201004005
44956,51722,201110,Fall 2011,2011-2012,Freshman,18570
44956,58909,201110,Fall 2011,2011-2012,Freshman,12881
45000,50947,201110,Fall 2011,2011-2012,Freshman,10028
45292,99367,201110,Fall 2011,2011-2012,Freshman,10158
45945,52441,201110,Fall 2011,2011-2012,Freshman,12944
46021,78966,201110,Fall 2011,2011-2012,Freshman,10799
46021,78966,201110,Fall 2011,2011-2012,Freshman,12848
46160,51675,201110,Fall 2011,2011-2012,Freshman,10742
46160,51675,201110,Fall 2011,2011-2012,Freshman,19349
46160,52385,201110,Fall 2011,2011-2012,Freshman,16726
46771,52385,201110,Fall 2011,2011-2012,Freshman,12439
48187,53275,201110,Fall 2011,2011-2012,Freshman,101009009
48187,83568,201110,Fall 2011,2011-2012,Freshman,18727
49294,53275,201110,Fall 2011,2011-2012,Freshman,12267
49294,53884,201110,Fall 2011,2011-2012,Freshman,12851
49294,99367,201110,Fall 2011,2011-2012,Freshman,14577
51102,95798,201110,Fall 2011,2011-2012,Freshman,16547
51722,52441,201110,Fall 2011,2011-2012,Freshman,12136
51722,78911,201110,Fall 2011,2011-2012,Freshman,12018
51722,95994,201110,Fall 2011,2011-2012,Freshman,10562
52385,95798,201110,Fall 2011,2011-2012,Freshman,20179
52923,73303,201110,Fall 2011,2011-2012,Freshman,10537
53275,68633,201110,Fall 2011,2011-2012,Freshman,15660
58909,74916,201110,Fall 2011,2011-2012,Freshman,18550
60482,63757,201110,Fall 2011,2011-2012,Freshman,15588
60482,78966,201110,Fall 2011,2011-2012,Freshman,10517
61280,95400,201110,Fall 2011,2011-2012,Freshman,12913
63188,66245,201110,Fall 2011,2011-2012,Freshman,11795
66754,83184,201110,Fall 2011,2011-2012,Freshman,13630
66991,71627,201110,Fall 2011,2011-2012,Freshman,18482
66991,99856,201110,Fall 2011,2011-2012,Freshman,10117
68633,95994,201110,Fall 2011,2011-2012,Freshman,19604
69065,73303,201110,Fall 2011,2011-2012,Freshman,10868
70889,78966,201110,Fall 2011,2011-2012,Freshman,12188
72700,98639,201110,Fall 2011,2011-2012,Freshman,10522
75178,90289,201110,Fall 2011,2011-2012,Freshman,18647
83568,90289,201110,Fall 2011,2011-2012,Freshman,14691
92699,98639,201110,Fall 2011,2011-2012,Freshman,12844
10841,15776,201120,Spring 2012,2011-2012,Freshman,22733
10841,26425,201120,Spring 2012,2011-2012,Freshman,20273
10841,26425,201120,Spring 2012,2011-2012,Freshman,20704
10841,40997,201120,Spring 2012,2011-2012,Freshman,21659
10841,44956,201120,Spring 2012,2011-2012,Freshman,24636
10841,52385,201120,Spring 2012,2011-2012,Freshman,201005005
11692,16313,201120,Spring 2012,2011-2012,Freshman,24634
11692,22617,201120,Spring 2012,2011-2012,Freshman,24643
11692,24760,201120,Spring 2012,2011-2012,Freshman,20226
11692,33094,201120,Spring 2012,2011-2012,Freshman,26973
11692,39783,201120,Spring 2012,2011-2012,Freshman,20202
11692,63063,201120,Spring 2012,2011-2012,Freshman,25566
13799,14106,201120,Spring 2012,2011-2012,Freshman,24631
13799,15723,201120,Spring 2012,2011-2012,Freshman,22543
14106,18420,201120,Spring 2012,2011-2012,Freshman,24503
14106,26999,201120,Spring 2012,2011-2012,Freshman,22200
14106,32100,201120,Spring 2012,2011-2012,Freshman,28281
15071,17353,201120,Spring 2012,2011-2012,Freshman,24632
15071,23144,201120,Spring 2012,2011-2012,Freshman,22195
15071,24543,201120,Spring 2012,2011-2012,Freshman,21006
15071,29914,201120,Spring 2012,2011-2012,Freshman,22685
15071,52385,201120,Spring 2012,2011-2012,Freshman,24426
15071,75178,201120,Spring 2012,2011-2012,Freshman,20002
15723,15776,201120,Spring 2012,2011-2012,Freshman,24633
15723,48187,201120,Spring 2012,2011-2012,Freshman,24498
15723,53275,201120,Spring 2012,2011-2012,Freshman,23895
15723,71627,201120,Spring 2012,2011-2012,Freshman,20146
15776,16313,201120,Spring 2012,2011-2012,Freshman,23896
15776,19066,201120,Spring 2012,2011-2012,Freshman,22197
15776,95400,201120,Spring 2012,2011-2012,Freshman,22164
16313,16933,201120,Spring 2012,2011-2012,Freshman,20517
16313,25323,201120,Spring 2012,2011-2012,Freshman,20821
16313,40997,201120,Spring 2012,2011-2012,Freshman,28835
16313,51722,201120,Spring 2012,2011-2012,Freshman,21899
16313,68633,201120,Spring 2012,2011-2012,Freshman,20628
16933,19066,201120,Spring 2012,2011-2012,Freshman,24635
16933,24760,201120,Spring 2012,2011-2012,Freshman,22348
16933,70889,201120,Spring 2012,2011-2012,Freshman,24659
16933,71518,201120,Spring 2012,2011-2012,Freshman,22353
16933,83184,201120,Spring 2012,2011-2012,Freshman,24418
17353,46771,201120,Spring 2012,2011-2012,Freshman,23349
17353,51722,201120,Spring 2012,2011-2012,Freshman,29084
17353,61280,201120,Spring 2012,2011-2012,Freshman,20826
17353,73303,201120,Spring 2012,2011-2012,Freshman,25044
18420,22745,201120,Spring 2012,2011-2012,Freshman,24639
18420,33094,201120,Spring 2012,2011-2012,Freshman,22654
18420,48187,201120,Spring 2012,2011-2012,Freshman,22354
19066,52923,201120,Spring 2012,2011-2012,Freshman,22689
19066,66991,201120,Spring 2012,2011-2012,Freshman,20422
21350,22745,201120,Spring 2012,2011-2012,Freshman,25220
21350,24760,201120,Spring 2012,2011-2012,Freshman,24638
21350,25323,201120,Spring 2012,2011-2012,Freshman,23663
21350,51102,201120,Spring 2012,2011-2012,Freshman,20731
21350,85970,201120,Spring 2012,2011-2012,Freshman,24417
22617,25323,201120,Spring 2012,2011-2012,Freshman,20771
22617,26999,201120,Spring 2012,2011-2012,Freshman,22144
22617,51597,201120,Spring 2012,2011-2012,Freshman,25045
22745,23040,201120,Spring 2012,2011-2012,Freshman,23348
22745,24760,201120,Spring 2012,2011-2012,Freshman,28227
22745,46160,201120,Spring 2012,2011-2012,Freshman,23492
23040,49294,201120,Spring 2012,2011-2012,Freshman,21397
23040,68633,201120,Spring 2012,2011-2012,Freshman,28969
23040,69065,201120,Spring 2012,2011-2012,Freshman,101006007
23040,92070,201120,Spring 2012,2011-2012,Freshman,25488
23144,36006,201120,Spring 2012,2011-2012,Freshman,21058
23144,37617,201120,Spring 2012,2011-2012,Freshman,24780
23144,49294,201120,Spring 2012,2011-2012,Freshman,22039
24543,25494,201120,Spring 2012,2011-2012,Freshman,22049
24543,38927,201120,Spring 2012,2011-2012,Freshman,21846
24543,38927,201120,Spring 2012,2011-2012,Freshman,23707
24543,46160,201120,Spring 2012,2011-2012,Freshman,25289
24543,85970,201120,Spring 2012,2011-2012,Freshman,24630
24760,25323,201120,Spring 2012,2011-2012,Freshman,21932
24760,44956,201120,Spring 2012,2011-2012,Freshman,23894
24760,78911,201120,Spring 2012,2011-2012,Freshman,22683
24853,44167,201120,Spring 2012,2011-2012,Freshman,20210
24853,44520,201120,Spring 2012,2011-2012,Freshman,22479
24853,68633,201120,Spring 2012,2011-2012,Freshman,20163
24853,98639,201120,Spring 2012,2011-2012,Freshman,22691
25171,29914,201120,Spring 2012,2011-2012,Freshman,24637
25171,32174,201120,Spring 2012,2011-2012,Freshman,22038
25171,36951,201120,Spring 2012,2011-2012,Freshman,22427
25171,36951,201120,Spring 2012,2011-2012,Freshman,29479
26425,28831,201120,Spring 2012,2011-2012,Freshman,20231
26425,58909,201120,Spring 2012,2011-2012,Freshman,25859
26999,37617,201120,Spring 2012,2011-2012,Freshman,21311
28831,52441,201120,Spring 2012,2011-2012,Freshman,24455
28831,60482,201120,Spring 2012,2011-2012,Freshman,22147
29914,36006,201120,Spring 2012,2011-2012,Freshman,22728
32100,97655,201120,Spring 2012,2011-2012,Freshman,25122
32174,36951,201120,Spring 2012,2011-2012,Freshman,101008009
32174,72700,201120,Spring 2012,2011-2012,Freshman,23330
33094,73303,201120,Spring 2012,2011-2012,Freshman,21615
33094,85970,201120,Spring 2012,2011-2012,Freshman,22349
36951,45945,201120,Spring 2012,2011-2012,Freshman,24077
36951,51102,201120,Spring 2012,2011-2012,Freshman,29690
37617,50947,201120,Spring 2012,2011-2012,Freshman,25067
38927,48187,201120,Spring 2012,2011-2012,Freshman,24771
38927,51552,201120,Spring 2012,2011-2012,Freshman,21304
40629,83568,201120,Spring 2012,2011-2012,Freshman,21647
40629,83568,201120,Spring 2012,2011-2012,Freshman,29457
44167,83568,201120,Spring 2012,2011-2012,Freshman,23975
44167,84472,201120,Spring 2012,2011-2012,Freshman,23359
44956,95798,201120,Spring 2012,2011-2012,Freshman,21182
45000,53884,201120,Spring 2012,2011-2012,Freshman,20604
45292,72746,201120,Spring 2012,2011-2012,Freshman,20553
45292,99367,201120,Spring 2012,2011-2012,Freshman,20717
45292,99367,201120,Spring 2012,2011-2012,Freshman,29160
45945,52441,201120,Spring 2012,2011-2012,Freshman,22477
45945,66991,201120,Spring 2012,2011-2012,Freshman,23351
46021,63757,201120,Spring 2012,2011-2012,Freshman,22769
46021,83184,201120,Spring 2012,2011-2012,Freshman,22078
46160,51675,201120,Spring 2012,2011-2012,Freshman,28537
46160,52385,201120,Spring 2012,2011-2012,Freshman,27010
46584,46771,201120,Spring 2012,2011-2012,Freshman,20991
46584,46771,201120,Spring 2012,2011-2012,Freshman,22736
48187,71627,201120,Spring 2012,2011-2012,Freshman,21788
49294,51597,201120,Spring 2012,2011-2012,Freshman,22032
49294,91064,201120,Spring 2012,2011-2012,Freshman,22163
50947,53275,201120,Spring 2012,2011-2012,Freshman,21476
50947,74916,201120,Spring 2012,2011-2012,Freshman,21682
51102,72700,201120,Spring 2012,2011-2012,Freshman,26561
51722,78911,201120,Spring 2012,2011-2012,Freshman,21887
51722,95994,201120,Spring 2012,2011-2012,Freshman,21644
51722,98639,201120,Spring 2012,2011-2012,Freshman,20623
52385,82060,201120,Spring 2012,2011-2012,Freshman,201003003
61280,92699,201120,Spring 2012,2011-2012,Freshman,24779
61280,95798,201120,Spring 2012,2011-2012,Freshman,25043
63188,99367,201120,Spring 2012,2011-2012,Freshman,21174
66245,72700,201120,Spring 2012,2011-2012,Freshman,22366
66991,95798,201120,Spring 2012,2011-2012,Freshman,21354
68633,71627,201120,Spring 2012,2011-2012,Freshman,20876
69065,97655,201120,Spring 2012,2011-2012,Freshman,22727
70889,78966,201120,Spring 2012,2011-2012,Freshman,21471
72746,85596,201120,Spring 2012,2011-2012,Freshman,24654
74916,85970,201120,Spring 2012,2011-2012,Freshman,22692
85596,91064,201120,Spring 2012,2011-2012,Freshman,22037
90289,99856,201120,Spring 2012,2011-2012,Freshman,22160
95798,97655,201120,Spring 2012,2011-2012,Freshman,20787
15723,44167,201200,Summer 2012,2012-2013,Sophomore,4079
10841,40997,201210,Fall 2012,2012-2013,Sophomore,10635
10841,40997,201210,Fall 2012,2012-2013,Sophomore,12627
10841,49294,201210,Fall 2012,2012-2013,Sophomore,10986
10841,49294,201210,Fall 2012,2012-2013,Sophomore,10987
10841,49294,201210,Fall 2012,2012-2013,Sophomore,13039
11692,14106,201210,Fall 2012,2012-2013,Sophomore,11628
11692,17353,201210,Fall 2012,2012-2013,Sophomore,14619
11692,22745,201210,Fall 2012,2012-2013,Sophomore,12571
11692,72746,201210,Fall 2012,2012-2013,Sophomore,12543
13799,38927,201210,Fall 2012,2012-2013,Sophomore,10113
13799,45945,201210,Fall 2012,2012-2013,Sophomore,18952
14106,63063,201210,Fall 2012,2012-2013,Sophomore,11269
15071,24543,201210,Fall 2012,2012-2013,Sophomore,18762
15071,29914,201210,Fall 2012,2012-2013,Sophomore,12357
15071,29914,201210,Fall 2012,2012-2013,Sophomore,12358
15071,29914,201210,Fall 2012,2012-2013,Sophomore,13245
15071,29914,201210,Fall 2012,2012-2013,Sophomore,15116
15723,15776,201210,Fall 2012,2012-2013,Sophomore,11342
15723,15776,201210,Fall 2012,2012-2013,Sophomore,14301
15723,16313,201210,Fall 2012,2012-2013,Sophomore,16953
15723,24760,201210,Fall 2012,2012-2013,Sophomore,17034
15723,38927,201210,Fall 2012,2012-2013,Sophomore,14307
15723,51722,201210,Fall 2012,2012-2013,Sophomore,15138
15723,75468,201210,Fall 2012,2012-2013,Sophomore,13105
15776,95994,201210,Fall 2012,2012-2013,Sophomore,14303
16313,68633,201210,Fall 2012,2012-2013,Sophomore,15217
16313,70889,201210,Fall 2012,2012-2013,Sophomore,10137
16313,90289,201210,Fall 2012,2012-2013,Sophomore,14305
16313,91064,201210,Fall 2012,2012-2013,Sophomore,13109
16933,19066,201210,Fall 2012,2012-2013,Sophomore,10814
16933,48187,201210,Fall 2012,2012-2013,Sophomore,11893
16933,48187,201210,Fall 2012,2012-2013,Sophomore,14304
16933,84472,201210,Fall 2012,2012-2013,Sophomore,13113
17353,26425,201210,Fall 2012,2012-2013,Sophomore,12781
17353,44520,201210,Fall 2012,2012-2013,Sophomore,18628
17353,75468,201210,Fall 2012,2012-2013,Sophomore,15158
18420,33094,201210,Fall 2012,2012-2013,Sophomore,10513
18420,33094,201210,Fall 2012,2012-2013,Sophomore,12684
18420,33094,201210,Fall 2012,2012-2013,Sophomore,13091
18420,44956,201210,Fall 2012,2012-2013,Sophomore,12147
18420,51597,201210,Fall 2012,2012-2013,Sophomore,15346
18420,70889,201210,Fall 2012,2012-2013,Sophomore,13093
18420,71518,201210,Fall 2012,2012-2013,Sophomore,12655
19066,24543,201210,Fall 2012,2012-2013,Sophomore,12044
19066,63063,201210,Fall 2012,2012-2013,Sophomore,13106
21350,51675,201210,Fall 2012,2012-2013,Sophomore,18681
22617,25323,201210,Fall 2012,2012-2013,Sophomore,19015
22617,36951,201210,Fall 2012,2012-2013,Sophomore,13026
22617,40629,201210,Fall 2012,2012-2013,Sophomore,15442
22617,40629,201210,Fall 2012,2012-2013,Sophomore,18982
22745,26999,201210,Fall 2012,2012-2013,Sophomore,11111
22745,32100,201210,Fall 2012,2012-2013,Sophomore,18984
22745,45945,201210,Fall 2012,2012-2013,Sophomore,11268
23040,26425,201210,Fall 2012,2012-2013,Sophomore,15924
23040,92070,201210,Fall 2012,2012-2013,Sophomore,15343
23144,37617,201210,Fall 2012,2012-2013,Sophomore,10637
23144,69065,201210,Fall 2012,2012-2013,Sophomore,11510
23144,69065,201210,Fall 2012,2012-2013,Sophomore,12297
23144,69065,201210,Fall 2012,2012-2013,Sophomore,12298
23144,85596,201210,Fall 2012,2012-2013,Sophomore,14264
24543,51102,201210,Fall 2012,2012-2013,Sophomore,11978
24543,51102,201210,Fall 2012,2012-2013,Sophomore,12074
24543,51102,201210,Fall 2012,2012-2013,Sophomore,18703
24543,61280,201210,Fall 2012,2012-2013,Sophomore,12672
24760,33094,201210,Fall 2012,2012-2013,Sophomore,12143
24760,44956,201210,Fall 2012,2012-2013,Sophomore,14300
24760,92699,201210,Fall 2012,2012-2013,Sophomore,14308
24853,91064,201210,Fall 2012,2012-2013,Sophomore,12082
25171,25494,201210,Fall 2012,2012-2013,Sophomore,11055
25171,36951,201210,Fall 2012,2012-2013,Sophomore,11467
25171,36951,201210,Fall 2012,2012-2013,Sophomore,19627
25323,51597,201210,Fall 2012,2012-2013,Sophomore,18919
25323,52923,201210,Fall 2012,2012-2013,Sophomore,13005
25323,66991,201210,Fall 2012,2012-2013,Sophomore,13774
26425,26999,201210,Fall 2012,2012-2013,Sophomore,11618
26425,36006,201210,Fall 2012,2012-2013,Sophomore,10313
26425,36006,201210,Fall 2012,2012-2013,Sophomore,10314
26425,57637,201210,Fall 2012,2012-2013,Sophomore,10023
26999,36951,201210,Fall 2012,2012-2013,Sophomore,12549
26999,45945,201210,Fall 2012,2012-2013,Sophomore,14528
26999,97655,201210,Fall 2012,2012-2013,Sophomore,12273
28831,39783,201210,Fall 2012,2012-2013,Sophomore,14283
28831,63063,201210,Fall 2012,2012-2013,Sophomore,19003
28831,83184,201210,Fall 2012,2012-2013,Sophomore,11388
32100,66991,201210,Fall 2012,2012-2013,Sophomore,18770
33094,66245,201210,Fall 2012,2012-2013,Sophomore,14713
33094,71518,201210,Fall 2012,2012-2013,Sophomore,13092
36006,37617,201210,Fall 2012,2012-2013,Sophomore,10844
36006,57637,201210,Fall 2012,2012-2013,Sophomore,15113
36006,75178,201210,Fall 2012,2012-2013,Sophomore,11140
36951,45292,201210,Fall 2012,2012-2013,Sophomore,14044
37617,71518,201210,Fall 2012,2012-2013,Sophomore,12514
38927,44956,201210,Fall 2012,2012-2013,Sophomore,11481
38927,46160,201210,Fall 2012,2012-2013,Sophomore,18764
40997,50947,201210,Fall 2012,2012-2013,Sophomore,11412
40997,50947,201210,Fall 2012,2012-2013,Sophomore,11548
44956,48187,201210,Fall 2012,2012-2013,Sophomore,13828
44956,58909,201210,Fall 2012,2012-2013,Sophomore,19348
45000,72746,201210,Fall 2012,2012-2013,Sophomore,12580
46021,63757,201210,Fall 2012,2012-2013,Sophomore,12615
46160,51722,201210,Fall 2012,2012-2013,Sophomore,12066
46160,52441,201210,Fall 2012,2012-2013,Sophomore,12711
46584,66245,201210,Fall 2012,2012-2013,Sophomore,13837
46584,68533,201210,Fall 2012,2012-2013,Sophomore,12675
46771,83184,201210,Fall 2012,2012-2013,Sophomore,13367
48187,78911,201210,Fall 2012,2012-2013,Sophomore,11825
49294,85596,201210,Fall 2012,2012-2013,Sophomore,12175
49294,95400,201210,Fall 2012,2012-2013,Sophomore,18759
51552,75178,201210,Fall 2012,2012-2013,Sophomore,11616
51675,52441,201210,Fall 2012,2012-2013,Sophomore,12969
51675,75468,201210,Fall 2012,2012-2013,Sophomore,18763
51722,58909,201210,Fall 2012,2012-2013,Sophomore,11641
51722,95798,201210,Fall 2012,2012-2013,Sophomore,16816
52385,61280,201210,Fall 2012,2012-2013,Sophomore,14075
52385,72746,201210,Fall 2012,2012-2013,Sophomore,11113
52923,61280,201210,Fall 2012,2012-2013,Sophomore,11416
58909,74916,201210,Fall 2012,2012-2013,Sophomore,11516
58909,74916,201210,Fall 2012,2012-2013,Sophomore,14298
63188,73303,201210,Fall 2012,2012-2013,Sophomore,19278
68633,99367,201210,Fall 2012,2012-2013,Sophomore,18761
72700,95798,201210,Fall 2012,2012-2013,Sophomore,11192
72700,99367,201210,Fall 2012,2012-2013,Sophomore,16024
72746,78911,201210,Fall 2012,2012-2013,Sophomore,15670
74916,78966,201210,Fall 2012,2012-2013,Sophomore,12616
97933,98326,201210,Fall 2012,2012-2013,Sophomore,16149
10841,49294,201220,Spring 2013,2012-2013,Sophomore,20268
10841,53275,201220,Spring 2013,2012-2013,Sophomore,20232
10841,53275,201220,Spring 2013,2012-2013,Sophomore,25600
10841,63757,201220,Spring 2013,2012-2013,Sophomore,25447
11692,25171,201220,Spring 2013,2012-2013,Sophomore,20588
11692,28831,201220,Spring 2013,2012-2013,Sophomore,20142
11692,32100,201220,Spring 2013,2012-2013,Sophomore,22027
13799,92070,201220,Spring 2013,2012-2013,Sophomore,23168
14106,22617,201220,Spring 2013,2012-2013,Sophomore,20711
14106,22617,201220,Spring 2013,2012-2013,Sophomore,23615
14106,25323,201220,Spring 2013,2012-2013,Sophomore,22751
14106,32100,201220,Spring 2013,2012-2013,Sophomore,21421
15071,29914,201220,Spring 2013,2012-2013,Sophomore,20261
15071,29914,201220,Spring 2013,2012-2013,Sophomore,22532
15071,29914,201220,Spring 2013,2012-2013,Sophomore,22534
15071,39783,201220,Spring 2013,2012-2013,Sophomore,20443
15723,15776,201220,Spring 2013,2012-2013,Sophomore,20700
15723,15776,201220,Spring 2013,2012-2013,Sophomore,23147
15723,15776,201220,Spring 2013,2012-2013,Sophomore,24094
15723,15776,201220,Spring 2013,2012-2013,Sophomore,24392
15723,19066,201220,Spring 2013,2012-2013,Sophomore,23056
15776,19066,201220,Spring 2013,2012-2013,Sophomore,25954
15776,24543,201220,Spring 2013,2012-2013,Sophomore,24589
15776,38927,201220,Spring 2013,2012-2013,Sophomore,23057
16313,48187,201220,Spring 2013,2012-2013,Sophomore,24095
16313,52923,201220,Spring 2013,2012-2013,Sophomore,23054
16313,90289,201220,Spring 2013,2012-2013,Sophomore,25891
16933,24760,201220,Spring 2013,2012-2013,Sophomore,21670
16933,33094,201220,Spring 2013,2012-2013,Sophomore,21110
16933,51597,201220,Spring 2013,2012-2013,Sophomore,24090
16933,78911,201220,Spring 2013,2012-2013,Sophomore,21626
16933,78911,201220,Spring 2013,2012-2013,Sophomore,24092
16933,91064,201220,Spring 2013,2012-2013,Sophomore,24167
17353,22745,201220,Spring 2013,2012-2013,Sophomore,21071
18420,33094,201220,Spring 2013,2012-2013,Sophomore,22951
18420,33094,201220,Spring 2013,2012-2013,Sophomore,22953
18420,71518,201220,Spring 2013,2012-2013,Sophomore,20058
18420,71518,201220,Spring 2013,2012-2013,Sophomore,23492
18420,98639,201220,Spring 2013,2012-2013,Sophomore,22195
21350,68533,201220,Spring 2013,2012-2013,Sophomore,22284
22617,22745,201220,Spring 2013,2012-2013,Sophomore,22264
22617,28831,201220,Spring 2013,2012-2013,Sophomore,24521
22617,71518,201220,Spring 2013,2012-2013,Sophomore,28817
22745,25494,201220,Spring 2013,2012-2013,Sophomore,25824
22745,45000,201220,Spring 2013,2012-2013,Sophomore,21188
22745,45000,201220,Spring 2013,2012-2013,Sophomore,22294
22745,45000,201220,Spring 2013,2012-2013,Sophomore,23123
22745,45000,201220,Spring 2013,2012-2013,Sophomore,24557
22745,75468,201220,Spring 2013,2012-2013,Sophomore,22247
23040,92070,201220,Spring 2013,2012-2013,Sophomore,24936
23040,92070,201220,Spring 2013,2012-2013,Sophomore,26296
23040,98326,201220,Spring 2013,2012-2013,Sophomore,22054
23144,37617,201220,Spring 2013,2012-2013,Sophomore,24938
23144,46021,201220,Spring 2013,2012-2013,Sophomore,25106
23144,46160,201220,Spring 2013,2012-2013,Sophomore,21908
23144,46160,201220,Spring 2013,2012-2013,Sophomore,22220
23144,49294,201220,Spring 2013,2012-2013,Sophomore,22151
23144,69065,201220,Spring 2013,2012-2013,Sophomore,22431
23144,69065,201220,Spring 2013,2012-2013,Sophomore,25461
23144,84472,201220,Spring 2013,2012-2013,Sophomore,23787
23144,85596,201220,Spring 2013,2012-2013,Sophomore,24163
24543,29914,201220,Spring 2013,2012-2013,Sophomore,28875
24543,48187,201220,Spring 2013,2012-2013,Sophomore,22056
24760,33094,201220,Spring 2013,2012-2013,Sophomore,25446
24760,52923,201220,Spring 2013,2012-2013,Sophomore,24093
24853,51597,201220,Spring 2013,2012-2013,Sophomore,23058
25171,36951,201220,Spring 2013,2012-2013,Sophomore,21501
25171,73303,201220,Spring 2013,2012-2013,Sophomore,28872
25323,26999,201220,Spring 2013,2012-2013,Sophomore,25833
25323,39783,201220,Spring 2013,2012-2013,Sophomore,22557
25323,45945,201220,Spring 2013,2012-2013,Sophomore,20166
25323,66991,201220,Spring 2013,2012-2013,Sophomore,21190
25494,28831,201220,Spring 2013,2012-2013,Sophomore,25903
25494,36951,201220,Spring 2013,2012-2013,Sophomore,29081
25494,40629,201220,Spring 2013,2012-2013,Sophomore,25832
25494,63063,201220,Spring 2013,2012-2013,Sophomore,22254
26425,36006,201220,Spring 2013,2012-2013,Sophomore,20239
26425,36006,201220,Spring 2013,2012-2013,Sophomore,21473
26425,36006,201220,Spring 2013,2012-2013,Sophomore,29525
26999,45945,201220,Spring 2013,2012-2013,Sophomore,24550
26999,97655,201220,Spring 2013,2012-2013,Sophomore,22067
32174,46771,201220,Spring 2013,2012-2013,Sophomore,28799
32174,99367,201220,Spring 2013,2012-2013,Sophomore,24537
33094,70889,201220,Spring 2013,2012-2013,Sophomore,23657
36006,91064,201220,Spring 2013,2012-2013,Sophomore,29153
39783,95798,201220,Spring 2013,2012-2013,Sophomore,22061
40629,44520,201220,Spring 2013,2012-2013,Sophomore,24661
40629,72746,201220,Spring 2013,2012-2013,Sophomore,23128
40997,50947,201220,Spring 2013,2012-2013,Sophomore,20022
40997,50947,201220,Spring 2013,2012-2013,Sophomore,20436
40997,50947,201220,Spring 2013,2012-2013,Sophomore,21611
40997,50947,201220,Spring 2013,2012-2013,Sophomore,23570
40997,61280,201220,Spring 2013,2012-2013,Sophomore,30075
44167,99856,201220,Spring 2013,2012-2013,Sophomore,29309
45292,66991,201220,Spring 2013,2012-2013,Sophomore,23124
45945,52441,201220,Spring 2013,2012-2013,Sophomore,23092
45945,60482,201220,Spring 2013,2012-2013,Sophomore,25829
46021,73303,201220,Spring 2013,2012-2013,Sophomore,22281
46160,51597,201220,Spring 2013,2012-2013,Sophomore,21904
46160,84472,201220,Spring 2013,2012-2013,Sophomore,22239
46160,92699,201220,Spring 2013,2012-2013,Sophomore,29121
46584,48187,201220,Spring 2013,2012-2013,Sophomore,29464
46771,83184,201220,Spring 2013,2012-2013,Sophomore,23327
49294,51597,201220,Spring 2013,2012-2013,Sophomore,28818
49294,53275,201220,Spring 2013,2012-2013,Sophomore,20791
49294,85596,201220,Spring 2013,2012-2013,Sophomore,21909
51722,78911,201220,Spring 2013,2012-2013,Sophomore,21767
52441,99367,201220,Spring 2013,2012-2013,Sophomore,28620
52923,60482,201220,Spring 2013,2012-2013,Sophomore,24522
58909,69065,201220,Spring 2013,2012-2013,Sophomore,22606
58909,74916,201220,Spring 2013,2012-2013,Sophomore,20548
58909,74916,201220,Spring 2013,2012-2013,Sophomore,24571
58909,95400,201220,Spring 2013,2012-2013,Sophomore,22222
61280,66754,201220,Spring 2013,2012-2013,Sophomore,28876
63757,75468,201220,Spring 2013,2012-2013,Sophomore,22554
66991,68633,201220,Spring 2013,2012-2013,Sophomore,21836
70889,90289,201220,Spring 2013,2012-2013,Sophomore,23062
75468,98326,201220,Spring 2013,2012-2013,Sophomore,21548
77291,82060,201220,Spring 2013,2012-2013,Sophomore,29255
78911,95994,201220,Spring 2013,2012-2013,Sophomore,26347
91064,95798,201220,Spring 2013,2012-2013,Sophomore,24203
91064,99856,201220,Spring 2013,2012-2013,Sophomore,21062
15723,15776,201300,Summer 2013,2013-2014,Junior,1229
17353,46771,201300,Summer 2013,2013-2014,Junior,3507
17353,46771,201300,Summer 2013,2013-2014,Junior,3510
17353,46771,201300,Summer 2013,2013-2014,Junior,3914
23144,78966,201300,Summer 2013,2013-2014,Junior,2927
23144,78966,201300,Summer 2013,2013-2014,Junior,4120
58909,85596,201300,Summer 2013,2013-2014,Junior,2777
58909,85596,201300,Summer 2013,2013-2014,Junior,4119
10841,29914,201310,Fall 2013,2013-2014,Junior,17242
10841,49294,201310,Fall 2013,2013-2014,Junior,12179
10841,53275,201310,Fall 2013,2013-2014,Junior,10004
10841,53275,201310,Fall 2013,2013-2014,Junior,12181
10841,53275,201310,Fall 2013,2013-2014,Junior,15134
11692,14106,201310,Fall 2013,2013-2014,Junior,13575
11692,22617,201310,Fall 2013,2013-2014,Junior,11489
11692,36951,201310,Fall 2013,2013-2014,Junior,14325
13799,23040,201310,Fall 2013,2013-2014,Junior,12073
15071,29914,201310,Fall 2013,2013-2014,Junior,11449
15071,29914,201310,Fall 2013,2013-2014,Junior,11558
15071,29914,201310,Fall 2013,2013-2014,Junior,12227
15071,29914,201310,Fall 2013,2013-2014,Junior,15377
15071,51552,201310,Fall 2013,2013-2014,Junior,10192
15723,24853,201310,Fall 2013,2013-2014,Junior,11335
15723,33094,201310,Fall 2013,2013-2014,Junior,10963
15776,78911,201310,Fall 2013,2013-2014,Junior,13451
16313,19066,201310,Fall 2013,2013-2014,Junior,13938
16313,19066,201310,Fall 2013,2013-2014,Junior,21045
16933,69065,201310,Fall 2013,2013-2014,Junior,14263
17353,83184,201310,Fall 2013,2013-2014,Junior,20265
18420,33094,201310,Fall 2013,2013-2014,Junior,11439
18420,33094,201310,Fall 2013,2013-2014,Junior,11462
18420,33094,201310,Fall 2013,2013-2014,Junior,11900
18420,71518,201310,Fall 2013,2013-2014,Junior,13194
21350,77291,201310,Fall 2013,2013-2014,Junior,201001001
22617,22745,201310,Fall 2013,2013-2014,Junior,13181
22617,22745,201310,Fall 2013,2013-2014,Junior,14328
22617,26999,201310,Fall 2013,2013-2014,Junior,12399
22617,45292,201310,Fall 2013,2013-2014,Junior,14118
22617,45292,201310,Fall 2013,2013-2014,Junior,14643
22745,40629,201310,Fall 2013,2013-2014,Junior,14641
22745,45000,201310,Fall 2013,2013-2014,Junior,11794
22745,45000,201310,Fall 2013,2013-2014,Junior,16581
23040,92070,201310,Fall 2013,2013-2014,Junior,14878
23040,92070,201310,Fall 2013,2013-2014,Junior,16131
23144,49294,201310,Fall 2013,2013-2014,Junior,11953
23144,75468,201310,Fall 2013,2013-2014,Junior,10432
23144,85596,201310,Fall 2013,2013-2014,Junior,11417
23144,85596,201310,Fall 2013,2013-2014,Junior,12396
23144,85596,201310,Fall 2013,2013-2014,Junior,14025
24760,25171,201310,Fall 2013,2013-2014,Junior,17148
24760,52923,201310,Fall 2013,2013-2014,Junior,12702
24760,52923,201310,Fall 2013,2013-2014,Junior,13924
24853,38927,201310,Fall 2013,2013-2014,Junior,12509
24853,91064,201310,Fall 2013,2013-2014,Junior,11631
24853,92220,201310,Fall 2013,2013-2014,Junior,13682
24853,92220,201310,Fall 2013,2013-2014,Junior,101001001
24853,93418,201310,Fall 2013,2013-2014,Junior,10614
24853,99749,201310,Fall 2013,2013-2014,Junior,14581
25171,32100,201310,Fall 2013,2013-2014,Junior,13032
25171,32100,201310,Fall 2013,2013-2014,Junior,13933
25171,32100,201310,Fall 2013,2013-2014,Junior,19084
25171,66754,201310,Fall 2013,2013-2014,Junior,17087
25323,25494,201310,Fall 2013,2013-2014,Junior,12486
25323,25494,201310,Fall 2013,2013-2014,Junior,19057
25323,45292,201310,Fall 2013,2013-2014,Junior,12841
25323,66991,201310,Fall 2013,2013-2014,Junior,14910
25323,66991,201310,Fall 2013,2013-2014,Junior,15371
25323,83184,201310,Fall 2013,2013-2014,Junior,14642
25494,45292,201310,Fall 2013,2013-2014,Junior,16600
25494,45945,201310,Fall 2013,2013-2014,Junior,15354
25494,66991,201310,Fall 2013,2013-2014,Junior,13813
26425,36006,201310,Fall 2013,2013-2014,Junior,11043
26425,36006,201310,Fall 2013,2013-2014,Junior,11340
26425,36006,201310,Fall 2013,2013-2014,Junior,12232
26425,78966,201310,Fall 2013,2013-2014,Junior,16105
26999,28831,201310,Fall 2013,2013-2014,Junior,12842
26999,60482,201310,Fall 2013,2013-2014,Junior,12474
28831,36951,201310,Fall 2013,2013-2014,Junior,14109
28831,45945,201310,Fall 2013,2013-2014,Junior,13720
32174,52441,201310,Fall 2013,2013-2014,Junior,18590
33094,44956,201310,Fall 2013,2013-2014,Junior,11038
33094,44956,201310,Fall 2013,2013-2014,Junior,11938
36006,82060,201310,Fall 2013,2013-2014,Junior,18937
36951,63188,201310,Fall 2013,2013-2014,Junior,11969
38927,70889,201310,Fall 2013,2013-2014,Junior,16851
40629,44520,201310,Fall 2013,2013-2014,Junior,11795
40629,52385,201310,Fall 2013,2013-2014,Junior,12480
40629,83568,201310,Fall 2013,2013-2014,Junior,11873
40997,50947,201310,Fall 2013,2013-2014,Junior,11456
40997,50947,201310,Fall 2013,2013-2014,Junior,11457
40997,50947,201310,Fall 2013,2013-2014,Junior,11700
44520,45945,201310,Fall 2013,2013-2014,Junior,11490
46021,68633,201310,Fall 2013,2013-2014,Junior,13363
46021,68633,201310,Fall 2013,2013-2014,Junior,13372
46021,68633,201310,Fall 2013,2013-2014,Junior,20906
46021,68633,201310,Fall 2013,2013-2014,Junior,20919
46160,49294,201310,Fall 2013,2013-2014,Junior,12628
46160,51722,201310,Fall 2013,2013-2014,Junior,11959
46160,85596,201310,Fall 2013,2013-2014,Junior,19988
46584,53884,201310,Fall 2013,2013-2014,Junior,13469
48187,51102,201310,Fall 2013,2013-2014,Junior,19844
48187,95798,201310,Fall 2013,2013-2014,Junior,14740
49294,51722,201310,Fall 2013,2013-2014,Junior,12725
49294,63757,201310,Fall 2013,2013-2014,Junior,12180
49294,63757,201310,Fall 2013,2013-2014,Junior,12182
49294,85596,201310,Fall 2013,2013-2014,Junior,12061
50947,92699,201310,Fall 2013,2013-2014,Junior,10743
51597,58909,201310,Fall 2013,2013-2014,Junior,18895
52385,95400,201310,Fall 2013,2013-2014,Junior,19915
57637,66754,201310,Fall 2013,2013-2014,Junior,12700
57637,66754,201310,Fall 2013,2013-2014,Junior,12701
57637,66754,201310,Fall 2013,2013-2014,Junior,14954
58909,61280,201310,Fall 2013,2013-2014,Junior,10255
58909,70889,201310,Fall 2013,2013-2014,Junior,11440
60482,63757,201310,Fall 2013,2013-2014,Junior,18546
63188,99367,201310,Fall 2013,2013-2014,Junior,11961
63757,90844,201310,Fall 2013,2013-2014,Junior,16685
70889,74916,201310,Fall 2013,2013-2014,Junior,12529
70889,85596,201310,Fall 2013,2013-2014,Junior,18580
71518,74916,201310,Fall 2013,2013-2014,Junior,12799
74916,75468,201310,Fall 2013,2013-2014,Junior,10570
75178,78966,201310,Fall 2013,2013-2014,Junior,11520
75468,98326,201310,Fall 2013,2013-2014,Junior,11422
84472,92699,201310,Fall 2013,2013-2014,Junior,14821
92220,93418,201310,Fall 2013,2013-2014,Junior,101001002
92220,96124,201310,Fall 2013,2013-2014,Junior,201002002
92220,96124,201310,Fall 2013,2013-2014,Junior,201003003
92811,93418,201310,Fall 2013,2013-2014,Junior,12706
92811,99749,201310,Fall 2013,2013-2014,Junior,101002002
97655,99856,201310,Fall 2013,2013-2014,Junior,14408
10841,15723,201320,Spring 2014,2013-2014,Junior,29712
10841,36006,201320,Spring 2014,2013-2014,Junior,24573
10841,49294,201320,Spring 2014,2013-2014,Junior,21311
10841,49294,201320,Spring 2014,2013-2014,Junior,21667
10841,53275,201320,Spring 2014,2013-2014,Junior,20607
10841,53275,201320,Spring 2014,2013-2014,Junior,20969
11692,14106,201320,Spring 2014,2013-2014,Junior,24375
11692,66991,201320,Spring 2014,2013-2014,Junior,24954
13799,63188,201320,Spring 2014,2013-2014,Junior,21853
14106,46771,201320,Spring 2014,2013-2014,Junior,23825
15071,29914,201320,Spring 2014,2013-2014,Junior,21020
15071,29914,201320,Spring 2014,2013-2014,Junior,24299
15723,15776,201320,Spring 2014,2013-2014,Junior,20052
15776,16313,201320,Spring 2014,2013-2014,Junior,22877
15776,16313,201320,Spring 2014,2013-2014,Junior,24347
15776,48187,201320,Spring 2014,2013-2014,Junior,22533
16313,16933,201320,Spring 2014,2013-2014,Junior,20849
16313,51597,201320,Spring 2014,2013-2014,Junior,21427
16313,68633,201320,Spring 2014,2013-2014,Junior,29693
17353,68633,201320,Spring 2014,2013-2014,Junior,21850
18420,33094,201320,Spring 2014,2013-2014,Junior,21115
18420,33094,201320,Spring 2014,2013-2014,Junior,21702
18420,71518,201320,Spring 2014,2013-2014,Junior,20236
19066,99856,201320,Spring 2014,2013-2014,Junior,25379
21350,24543,201320,Spring 2014,2013-2014,Junior,27296
21350,25323,201320,Spring 2014,2013-2014,Junior,29871
22617,52441,201320,Spring 2014,2013-2014,Junior,24477
23040,32100,201320,Spring 2014,2013-2014,Junior,22927
23040,72746,201320,Spring 2014,2013-2014,Junior,21510
23144,46160,201320,Spring 2014,2013-2014,Junior,22068
23144,49294,201320,Spring 2014,2013-2014,Junior,21795
23144,69065,201320,Spring 2014,2013-2014,Junior,20558
23144,69065,201320,Spring 2014,2013-2014,Junior,22260
23144,69065,201320,Spring 2014,2013-2014,Junior,22264
23144,78966,201320,Spring 2014,2013-2014,Junior,20629
23144,85596,201320,Spring 2014,2013-2014,Junior,22269
23144,85596,201320,Spring 2014,2013-2014,Junior,23892
23144,92220,201320,Spring 2014,2013-2014,Junior,21798
24543,36951,201320,Spring 2014,2013-2014,Junior,29353
24760,52923,201320,Spring 2014,2013-2014,Junior,21513
24853,25494,201320,Spring 2014,2013-2014,Junior,25242
24853,51102,201320,Spring 2014,2013-2014,Junior,26106
24853,51102,201320,Spring 2014,2013-2014,Junior,30416
24853,93418,201320,Spring 2014,2013-2014,Junior,22344
24853,93418,201320,Spring 2014,2013-2014,Junior,24101
25171,32100,201320,Spring 2014,2013-2014,Junior,23358
25171,32100,201320,Spring 2014,2013-2014,Junior,25278
25171,52385,201320,Spring 2014,2013-2014,Junior,24376
25323,36951,201320,Spring 2014,2013-2014,Junior,23960
26425,36006,201320,Spring 2014,2013-2014,Junior,20254
26425,36006,201320,Spring 2014,2013-2014,Junior,20261
26425,36006,201320,Spring 2014,2013-2014,Junior,23344
26425,57637,201320,Spring 2014,2013-2014,Junior,29744
26999,45000,201320,Spring 2014,2013-2014,Junior,20082
28831,63063,201320,Spring 2014,2013-2014,Junior,28674
32174,74916,201320,Spring 2014,2013-2014,Junior,23572
40629,95798,201320,Spring 2014,2013-2014,Junior,23648
40629,95798,201320,Spring 2014,2013-2014,Junior,24778
40997,51722,201320,Spring 2014,2013-2014,Junior,30535
40997,51722,201320,Spring 2014,2013-2014,Junior,30536
44956,48187,201320,Spring 2014,2013-2014,Junior,24569
45000,52385,201320,Spring 2014,2013-2014,Junior,20737
45000,52923,201320,Spring 2014,2013-2014,Junior,22926
45945,52441,201320,Spring 2014,2013-2014,Junior,30353
46021,68633,201320,Spring 2014,2013-2014,Junior,25705
46021,99856,201320,Spring 2014,2013-2014,Junior,23303
46021,99856,201320,Spring 2014,2013-2014,Junior,28818
46160,91064,201320,Spring 2014,2013-2014,Junior,21796
46160,91064,201320,Spring 2014,2013-2014,Junior,22537
49294,51597,201320,Spring 2014,2013-2014,Junior,20300
50947,53884,201320,Spring 2014,2013-2014,Junior,22431
50947,66754,201320,Spring 2014,2013-2014,Junior,25511
51102,70889,201320,Spring 2014,2013-2014,Junior,23193
51552,71627,201320,Spring 2014,2013-2014,Junior,23218
51597,92220,201320,Spring 2014,2013-2014,Junior,21792
61280,68533,201320,Spring 2014,2013-2014,Junior,20295
61280,68533,201320,Spring 2014,2013-2014,Junior,20750
66245,96492,201320,Spring 2014,2013-2014,Junior,29055
66245,99367,201320,Spring 2014,2013-2014,Junior,21726
72746,83568,201320,Spring 2014,2013-2014,Junior,29742
75178,96492,201320,Spring 2014,2013-2014,Junior,26456
78911,84472,201320,Spring 2014,2013-2014,Junior,23623
78911,91064,201320,Spring 2014,2013-2014,Junior,29087
78911,95994,201320,Spring 2014,2013-2014,Junior,21041
83568,90289,201320,Spring 2014,2013-2014,Junior,25670
83568,92699,201320,Spring 2014,2013-2014,Junior,21908
92220,92811,201320,Spring 2014,2013-2014,Junior,23970
10841,53275,201410,Fall 2014,2014-2015,Senior,10869
11692,14106,201410,Fall 2014,2014-2015,Senior,15140
11692,28831,201410,Fall 2014,2014-2015,Senior,12659
13799,63188,201410,Fall 2014,2014-2015,Senior,12425
13799,63188,201410,Fall 2014,2014-2015,Senior,20491
13799,71518,201410,Fall 2014,2014-2015,Senior,11937
14106,32100,201410,Fall 2014,2014-2015,Senior,11071
15071,29914,201410,Fall 2014,2014-2015,Senior,11467
15071,29914,201410,Fall 2014,2014-2015,Senior,11468
15071,46160,201410,Fall 2014,2014-2015,Senior,11962
15776,17353,201410,Fall 2014,2014-2015,Senior,20530
15776,46584,201410,Fall 2014,2014-2015,Senior,12382
15776,78911,201410,Fall 2014,2014-2015,Senior,20163
16313,52923,201410,Fall 2014,2014-2015,Senior,11355
16933,38927,201410,Fall 2014,2014-2015,Senior,16685
16933,84472,201410,Fall 2014,2014-2015,Senior,14466
17353,46771,201410,Fall 2014,2014-2015,Senior,19529
18420,33094,201410,Fall 2014,2014-2015,Senior,11885
19066,63063,201410,Fall 2014,2014-2015,Senior,17012
21350,72700,201410,Fall 2014,2014-2015,Senior,20787
21350,83568,201410,Fall 2014,2014-2015,Senior,12996
22617,44520,201410,Fall 2014,2014-2015,Senior,14924
22617,44956,201410,Fall 2014,2014-2015,Senior,13399
22617,52385,201410,Fall 2014,2014-2015,Senior,17125
22745,26999,201410,Fall 2014,2014-2015,Senior,11860
22745,32100,201410,Fall 2014,2014-2015,Senior,14039
22745,40629,201410,Fall 2014,2014-2015,Senior,10923
22745,40629,201410,Fall 2014,2014-2015,Senior,19748
22745,82060,201410,Fall 2014,2014-2015,Senior,11873
22745,97933,201410,Fall 2014,2014-2015,Senior,10925
23144,78966,201410,Fall 2014,2014-2015,Senior,10990
23144,78966,201410,Fall 2014,2014-2015,Senior,10993
23144,78966,201410,Fall 2014,2014-2015,Senior,12401
23144,78966,201410,Fall 2014,2014-2015,Senior,12414
23144,78966,201410,Fall 2014,2014-2015,Senior,12431
23144,78966,201410,Fall 2014,2014-2015,Senior,12437
23144,78966,201410,Fall 2014,2014-2015,Senior,14221
23144,78966,201410,Fall 2014,2014-2015,Senior,14629
23144,78966,201410,Fall 2014,2014-2015,Senior,14804
23144,78966,201410,Fall 2014,2014-2015,Senior,16008
24543,63757,201410,Fall 2014,2014-2015,Senior,20068
24760,38927,201410,Fall 2014,2014-2015,Senior,15959
24760,51597,201410,Fall 2014,2014-2015,Senior,16219
24853,33094,201410,Fall 2014,2014-2015,Senior,14467
24853,51102,201410,Fall 2014,2014-2015,Senior,20161
24853,78911,201410,Fall 2014,2014-2015,Senior,11465
24853,93418,201410,Fall 2014,2014-2015,Senior,10540
24853,95994,201410,Fall 2014,2014-2015,Senior,11466
25171,28831,201410,Fall 2014,2014-2015,Senior,20745
25171,45945,201410,Fall 2014,2014-2015,Senior,15747
25323,52923,201410,Fall 2014,2014-2015,Senior,13490
25323,66991,201410,Fall 2014,2014-2015,Senior,16738
25494,40629,201410,Fall 2014,2014-2015,Senior,11401
25494,45292,201410,Fall 2014,2014-2015,Senior,15756
25494,45292,201410,Fall 2014,2014-2015,Senior,20337
25494,45292,201410,Fall 2014,2014-2015,Senior,20338
25494,83184,201410,Fall 2014,2014-2015,Senior,19803
26425,36006,201410,Fall 2014,2014-2015,Senior,11241
26425,57637,201410,Fall 2014,2014-2015,Senior,20265
26999,45000,201410,Fall 2014,2014-2015,Senior,13353
26999,97655,201410,Fall 2014,2014-2015,Senior,17397
32100,36951,201410,Fall 2014,2014-2015,Senior,19797
32174,46021,201410,Fall 2014,2014-2015,Senior,15698
32174,74916,201410,Fall 2014,2014-2015,Senior,13799
33094,38927,201410,Fall 2014,2014-2015,Senior,15839
33094,52923,201410,Fall 2014,2014-2015,Senior,201001001
33094,61280,201410,Fall 2014,2014-2015,Senior,14507
33094,66245,201410,Fall 2014,2014-2015,Senior,13409
36006,66754,201410,Fall 2014,2014-2015,Senior,14495
37617,50947,201410,Fall 2014,2014-2015,Senior,15834
37617,57637,201410,Fall 2014,2014-2015,Senior,15947
37617,82060,201410,Fall 2014,2014-2015,Senior,20588
38927,51552,201410,Fall 2014,2014-2015,Senior,11961
38927,63757,201410,Fall 2014,2014-2015,Senior,19674
39783,84472,201410,Fall 2014,2014-2015,Senior,19931
40629,52385,201410,Fall 2014,2014-2015,Senior,13352
40997,50947,201410,Fall 2014,2014-2015,Senior,11070
44520,45292,201410,Fall 2014,2014-2015,Senior,11404
44956,90289,201410,Fall 2014,2014-2015,Senior,15852
45000,48187,201410,Fall 2014,2014-2015,Senior,16281
45945,63063,201410,Fall 2014,2014-2015,Senior,12342
45945,63063,201410,Fall 2014,2014-2015,Senior,13843
46021,46771,201410,Fall 2014,2014-2015,Senior,13964
46021,51597,201410,Fall 2014,2014-2015,Senior,20432
46160,49294,201410,Fall 2014,2014-2015,Senior,11942
46160,49294,201410,Fall 2014,2014-2015,Senior,12475
46160,95798,201410,Fall 2014,2014-2015,Senior,12435
49294,53275,201410,Fall 2014,2014-2015,Senior,15516
49294,61280,201410,Fall 2014,2014-2015,Senior,17060
49294,63757,201410,Fall 2014,2014-2015,Senior,10241
49294,68533,201410,Fall 2014,2014-2015,Senior,13341
49294,70889,201410,Fall 2014,2014-2015,Senior,11849
50947,51102,201410,Fall 2014,2014-2015,Senior,16853
50947,93418,201410,Fall 2014,2014-2015,Senior,10866
51102,52441,201410,Fall 2014,2014-2015,Senior,14209
52385,72746,201410,Fall 2014,2014-2015,Senior,16715
52385,92220,201410,Fall 2014,2014-2015,Senior,20574
52441,95798,201410,Fall 2014,2014-2015,Senior,19543
53884,58909,201410,Fall 2014,2014-2015,Senior,19675
57637,66754,201410,Fall 2014,2014-2015,Senior,12110
61280,63757,201410,Fall 2014,2014-2015,Senior,12058
63757,90844,201410,Fall 2014,2014-2015,Senior,19981
66245,99367,201410,Fall 2014,2014-2015,Senior,15702
66991,83184,201410,Fall 2014,2014-2015,Senior,15755
68633,98639,201410,Fall 2014,2014-2015,Senior,20565
69065,85596,201410,Fall 2014,2014-2015,Senior,12054
70889,71518,201410,Fall 2014,2014-2015,Senior,16683
70889,92811,201410,Fall 2014,2014-2015,Senior,14782
78911,84472,201410,Fall 2014,2014-2015,Senior,14463
78911,91064,201410,Fall 2014,2014-2015,Senior,20166
78911,98639,201410,Fall 2014,2014-2015,Senior,11630
85596,90289,201410,Fall 2014,2014-2015,Senior,19524
92220,92811,201410,Fall 2014,2014-2015,Senior,15571
95400,99856,201410,Fall 2014,2014-2015,Senior,19753
95798,99856,201410,Fall 2014,2014-2015,Senior,13673
10841,11692,201420,Spring 2015,2014-2015,Senior,29155
10841,53275,201420,Spring 2015,2014-2015,Senior,20518
10841,61280,201420,Spring 2015,2014-2015,Senior,22969
11692,17353,201420,Spring 2015,2014-2015,Senior,30055
11692,28831,201420,Spring 2015,2014-2015,Senior,29302
14106,16933,201420,Spring 2015,2014-2015,Senior,25882
15071,29914,201420,Spring 2015,2014-2015,Senior,30527
15071,51552,201420,Spring 2015,2014-2015,Senior,21773
15071,97655,201420,Spring 2015,2014-2015,Senior,26345
15723,22745,201420,Spring 2015,2014-2015,Senior,29070
15723,36006,201420,Spring 2015,2014-2015,Senior,26479
15776,51597,201420,Spring 2015,2014-2015,Senior,24917
15776,91064,201420,Spring 2015,2014-2015,Senior,29507
15776,98639,201420,Spring 2015,2014-2015,Senior,26750
16313,16933,201420,Spring 2015,2014-2015,Senior,25099
16313,17353,201420,Spring 2015,2014-2015,Senior,29074
16933,24853,201420,Spring 2015,2014-2015,Senior,23321
19066,45292,201420,Spring 2015,2014-2015,Senior,23998
19066,95400,201420,Spring 2015,2014-2015,Senior,23755
21350,24853,201420,Spring 2015,2014-2015,Senior,29112
21350,32174,201420,Spring 2015,2014-2015,Senior,29684
21350,50947,201420,Spring 2015,2014-2015,Senior,25063
21350,52441,201420,Spring 2015,2014-2015,Senior,26524
21350,95798,201420,Spring 2015,2014-2015,Senior,30498
22617,22745,201420,Spring 2015,2014-2015,Senior,25830
22617,26999,201420,Spring 2015,2014-2015,Senior,26965
22617,39783,201420,Spring 2015,2014-2015,Senior,27445
22745,28831,201420,Spring 2015,2014-2015,Senior,24714
22745,45000,201420,Spring 2015,2014-2015,Senior,20429
22745,45000,201420,Spring 2015,2014-2015,Senior,21982
22745,45000,201420,Spring 2015,2014-2015,Senior,25832
23040,26999,201420,Spring 2015,2014-2015,Senior,23610
23144,69065,201420,Spring 2015,2014-2015,Senior,20862
23144,78966,201420,Spring 2015,2014-2015,Senior,21715
23144,78966,201420,Spring 2015,2014-2015,Senior,22150
23144,78966,201420,Spring 2015,2014-2015,Senior,22179
23144,78966,201420,Spring 2015,2014-2015,Senior,22620
23144,78966,201420,Spring 2015,2014-2015,Senior,24346
23144,78966,201420,Spring 2015,2014-2015,Senior,24806
23144,78966,201420,Spring 2015,2014-2015,Senior,25083
24760,78911,201420,Spring 2015,2014-2015,Senior,24677
24853,93418,201420,Spring 2015,2014-2015,Senior,22251
24853,99749,201420,Spring 2015,2014-2015,Senior,21317
25171,63188,201420,Spring 2015,2014-2015,Senior,26710
25323,45292,201420,Spring 2015,2014-2015,Senior,24944
25323,52923,201420,Spring 2015,2014-2015,Senior,23259
25323,52923,201420,Spring 2015,2014-2015,Senior,26382
25494,45292,201420,Spring 2015,2014-2015,Senior,29047
26425,36006,201420,Spring 2015,2014-2015,Senior,21968
26425,49294,201420,Spring 2015,2014-2015,Senior,21710
26999,44520,201420,Spring 2015,2014-2015,Senior,29030
26999,92220,201420,Spring 2015,2014-2015,Senior,30329
29914,53884,201420,Spring 2015,2014-2015,Senior,26873
32100,63063,201420,Spring 2015,2014-2015,Senior,22149
32174,45945,201420,Spring 2015,2014-2015,Senior,26714
32174,46584,201420,Spring 2015,2014-2015,Senior,21969
32174,74916,201420,Spring 2015,2014-2015,Senior,23673
33094,71518,201420,Spring 2015,2014-2015,Senior,24428
33094,84472,201420,Spring 2015,2014-2015,Senior,25098
36006,57637,201420,Spring 2015,2014-2015,Senior,25093
36951,45945,201420,Spring 2015,2014-2015,Senior,22956
37617,57637,201420,Spring 2015,2014-2015,Senior,29196
38927,44956,201420,Spring 2015,2014-2015,Senior,23768
38927,46771,201420,Spring 2015,2014-2015,Senior,21953
39783,66245,201420,Spring 2015,2014-2015,Senior,29576
40629,46771,201420,Spring 2015,2014-2015,Senior,30106
40629,90289,201420,Spring 2015,2014-2015,Senior,24364
40997,50947,201420,Spring 2015,2014-2015,Senior,20384
40997,50947,201420,Spring 2015,2014-2015,Senior,27373
44167,68533,201420,Spring 2015,2014-2015,Senior,26437
44520,60482,201420,Spring 2015,2014-2015,Senior,29166
45292,66991,201420,Spring 2015,2014-2015,Senior,26383
45292,83184,201420,Spring 2015,2014-2015,Senior,26391
46160,46584,201420,Spring 2015,2014-2015,Senior,29625
46160,51597,201420,Spring 2015,2014-2015,Senior,21707
46160,91064,201420,Spring 2015,2014-2015,Senior,21978
48187,78911,201420,Spring 2015,2014-2015,Senior,23675
48187,99856,201420,Spring 2015,2014-2015,Senior,27293
49294,51722,201420,Spring 2015,2014-2015,Senior,21711
49294,68533,201420,Spring 2015,2014-2015,Senior,21283
49294,70889,201420,Spring 2015,2014-2015,Senior,21226
49294,95994,201420,Spring 2015,2014-2015,Senior,29365
51102,74916,201420,Spring 2015,2014-2015,Senior,29148
51552,98639,201420,Spring 2015,2014-2015,Senior,30333
51675,53275,201420,Spring 2015,2014-2015,Senior,29656
51722,99856,201420,Spring 2015,2014-2015,Senior,29172
52441,74916,201420,Spring 2015,2014-2015,Senior,26942
57637,66754,201420,Spring 2015,2014-2015,Senior,23450
61280,63757,201420,Spring 2015,2014-2015,Senior,21244
61280,63757,201420,Spring 2015,2014-2015,Senior,21584
61280,63757,201420,Spring 2015,2014-2015,Senior,22799
63188,66245,201420,Spring 2015,2014-2015,Senior,23705
63757,90844,201420,Spring 2015,2014-2015,Senior,29761
69065,85596,201420,Spring 2015,2014-2015,Senior,24281
69065,85596,201420,Spring 2015,2014-2015,Senior,25742
75468,98326,201420,Spring 2015,2014-2015,Senior,20651
75468,98326,201420,Spring 2015,2014-2015,Senior,20770
83184,92699,201420,Spring 2015,2014-2015,Senior,26801
85596,90289,201420,Spring 2015,2014-2015,Senior,29369
92220,92811,201420,Spring 2015,2014-2015,Senior,23618
