egoid,sender,wave,alters_nominated,potential_pairs,evaluated_pairs,perceived_ties,density
10353,5745407529,1,20,190,190,103,0.5421
16495,5743671665,1,20,190,190,127,0.6684
21350,5743671670,1,13,78,78,35,0.4487
26425,5745407589,1,20,190,190,109,0.5737
31583,5743671513,1,18,153,153,132,0.8627
32899,5745403124,1,20,190,190,137,0.7211
44167,5745407565,1,18,153,153,75,0.4902
48990,5745407143,1,8,28,28,28,1
50869,5745407540,1,20,190,190,74,0.3895
51552,5743671768,1,13,78,78,31,0.3974
52385,5745407545,1,8,28,28,15,0.5357
52615,5745407580,1,8,28,28,28,1
65591,5743671853,1,14,91,88,43,0.4725
69669,5745407578,1,20,190,190,12,0.0632
73175,5745407557,1,4,6,6,6,1
84472,5745407586,1,20,190,190,141,0.7421
94652,5743671679,1,20,190,190,89,0.4684
10060,5743671882,2,19,171,171,58,0.3392
10281,5743671516,2,15,105,105,72,0.6857
10353,5745407529,2,20,190,187,77,0.4053
10841,5745407560,2,17,136,136,57,0.4191
11023,5743671533,2,20,190,190,82,0.4316
11692,5743671951,2,5,10,10,6,0.6
13116,5745407567,2,20,190,54,17,0.0895
13799,5745407554,2,13,78,78,37,0.4744
13882,5743671691,2,20,190,190,109,0.5737
13896,5743671748,2,2,1,1,1,1
14106,5743671696,2,16,120,29,24,0.2
14188,5745407572,2,10,45,45,17,0.3778
14962,5743671902,2,9,36,36,25,0.6944
15071,5743671693,2,8,28,28,16,0.5714
15548,5743671692,2,6,15,15,15,1
16313,5745403479,2,20,190,190,102,0.5368
16495,5743671665,2,20,190,190,99,0.5211
17041,5745407556,2,12,66,66,29,0.4394
17353,5743671788,2,20,190,190,86,0.4526
18394,5745406164,2,13,78,78,50,0.641
19066,5745406529,2,11,55,55,21,0.3818
19844,5743671966,2,18,153,153,64,0.4183
21350,5743671670,2,19,171,171,47,0.2749
22540,5745407511,2,3,3,3,3,1
22617,5745407559,2,12,66,66,53,0.803
22745,5745407537,2,11,55,55,39,0.7091
22931,5743671786,2,13,78,78,62,0.7949
23040,5743671689,2,20,190,190,103,0.5421
23144,5743671924,2,20,190,190,87,0.4579
23642,5743671706,2,10,45,45,34,0.7556
24543,5745403337,2,11,55,55,25,0.4545
24760,5745407546,2,20,190,190,84,0.4421
24853,5743671740,2,20,190,190,112,0.5895
25171,5743671833,2,20,190,190,93,0.4895
25323,5743671729,2,18,153,153,70,0.4575
25494,5743671765,2,5,10,10,10,1
25544,5743671683,2,18,153,153,23,0.1503
25947,5743671872,2,20,190,190,87,0.4579
26127,5743671682,2,12,66,66,20,0.303
26425,5745407589,2,18,153,153,56,0.366
28831,5745407105,2,14,91,91,31,0.3407
29914,5743671760,2,13,78,78,32,0.4103
30076,5743671544,2,5,10,10,5,0.5
30952,5745407579,2,20,190,190,40,0.2105
31372,5743671517,2,12,66,66,26,0.3939
31583,5743671513,2,11,55,55,39,0.7091
32100,5745407561,2,16,120,120,63,0.525
32174,5743671930,2,20,190,190,61,0.3211
32899,5745403124,2,20,190,190,139,0.7316
33094,5743671802,2,12,66,66,47,0.7121
34250,5745407573,2,20,190,190,67,0.3526
34853,5745407539,2,20,190,190,74,0.3895
35227,5743671540,2,20,190,190,63,0.3316
36006,5743671905,2,16,120,120,45,0.375
36143,5743671732,2,5,10,10,8,0.8
36951,5745406587,2,20,190,190,85,0.4474
37617,5743671907,2,20,190,190,67,0.3526
38823,5743671762,2,12,66,66,36,0.5455
38893,5745407548,2,9,36,36,22,0.6111
38901,5743671918,2,11,55,55,29,0.5273
38927,5745403836,2,17,136,136,35,0.2574
39122,5745407516,2,20,190,190,51,0.2684
39783,5743671944,2,10,45,45,23,0.5111
40557,5743671915,2,15,105,105,50,0.4762
40629,5745403260,2,16,120,120,59,0.4917
40997,5745403704,2,20,190,190,98,0.5158
41393,5743671879,2,16,120,120,41,0.3417
44520,5743671746,2,12,66,66,21,0.3182
44947,5743671526,2,7,21,21,13,0.619
45000,5745407531,2,5,10,10,10,1
45292,5745403616,2,10,45,45,43,0.9556
45945,5745406998,2,12,66,66,40,0.6061
46021,5745406660,2,6,15,15,13,0.8667
46160,5745407530,2,20,190,190,75,0.3947
46584,5743671713,2,9,36,36,13,0.3611
46654,5745407541,2,20,190,190,106,0.5579
46771,5745403504,2,5,10,10,10,1
47230,5743671657,2,13,78,78,27,0.3462
48187,5743671848,2,8,28,28,19,0.6786
48990,5745407143,2,5,10,10,10,1
49294,5745407552,2,11,55,55,32,0.5818
49597,5743671855,2,3,3,3,3,1
50709,5745406891,2,10,45,45,29,0.6444
50869,5745407540,2,20,190,190,54,0.2842
50947,5745407544,2,20,190,190,54,0.2842
51102,5743671949,2,20,190,190,77,0.4053
51470,5745407568,2,15,105,105,52,0.4952
51552,5743671768,2,17,136,136,24,0.1765
51597,5745407583,2,20,190,190,48,0.2526
51675,5745407584,2,20,190,190,43,0.2263
51722,5745403040,2,7,21,21,11,0.5238
52067,5743671935,2,20,190,190,133,0.7
52441,5743671811,2,20,190,190,122,0.6421
52615,5745407580,2,4,6,6,6,1
52635,5745407571,2,20,190,190,61,0.3211
52923,5745403071,2,17,136,136,60,0.4412
53275,5745401837,2,20,190,190,51,0.2684
53884,5743671793,2,12,66,66,26,0.3939
55464,5745407535,2,8,28,28,12,0.4286
5745143917,5745143917,2,9,36,36,12,0.3333
5745143925,5745143925,2,20,190,190,123,0.6474
57637,5745407528,2,20,190,190,53,0.2789
57896,5745407558,2,11,55,55,25,0.4545
58909,5743671770,2,20,190,190,72,0.3789
59367,5745407549,2,20,190,190,88,0.4632
60830,5745407550,2,12,66,66,39,0.5909
61280,5745407156,2,6,15,15,9,0.6
62555,5745407564,2,20,190,190,15,0.0789
62560,5745401867,2,10,45,45,31,0.6889
63063,5743671559,2,20,190,190,94,0.4947
63188,5743671702,2,20,190,190,24,0.1263
63757,5743671938,2,20,190,190,89,0.4684
63817,5745403827,2,14,91,90,70,0.7692
64772,5745407135,2,12,66,66,33,0.5
65102,5745407585,2,6,15,14,10,0.6667
65526,5743671741,2,11,55,55,19,0.3455
66052,5743671844,2,10,45,45,30,0.6667
66404,5745406108,2,20,190,190,79,0.4158
66754,5743671813,2,17,136,136,61,0.4485
66991,5745403495,2,19,171,171,102,0.5965
67947,5743671967,2,12,66,66,44,0.6667
68494,5743671771,2,10,45,45,27,0.6
68533,5745407551,2,10,45,45,19,0.4222
68633,5743671705,2,20,190,190,65,0.3421
69065,5743671664,2,20,190,190,86,0.4526
69669,5745407578,2,12,66,66,6,0.0909
70889,5743671903,2,10,45,45,34,0.7556
71187,5743671784,2,5,10,10,4,0.4
71518,5743671644,2,20,190,190,68,0.3579
71627,5743671873,2,20,190,190,90,0.4737
71700,5745406425,2,20,190,190,28,0.1474
72700,5745407570,2,20,190,190,71,0.3737
72746,5743671704,2,9,36,36,20,0.5556
73175,5745407557,2,14,91,91,44,0.4835
73303,5745407542,2,20,190,190,86,0.4526
74916,5745407543,2,20,190,190,84,0.4421
75178,5745407562,2,20,190,190,52,0.2737
75261,5745407533,2,20,190,190,83,0.4368
75466,5745407575,2,15,105,105,35,0.3333
75468,5745406645,2,10,45,45,29,0.6444
76313,5743671922,2,20,190,190,61,0.3211
77023,5743671531,2,20,190,190,49,0.2579
77291,5745407563,2,17,136,136,69,0.5074
77824,5745401246,2,20,190,190,81,0.4263
78062,5743671869,2,17,136,136,44,0.3235
78966,5745407534,2,10,45,45,20,0.4444
79877,5743671906,2,19,171,171,64,0.3743
80193,5745407093,2,16,120,120,34,0.2833
82060,5743671941,2,19,171,171,76,0.4444
82282,5743671763,2,4,6,6,2,0.3333
83184,5745403569,2,2,1,1,1,1
83568,5745403617,2,11,55,55,36,0.6545
84215,5743671796,2,15,105,105,44,0.419
84472,5745407586,2,20,190,190,70,0.3684
84625,5743671928,2,8,28,28,19,0.6786
84841,5743671782,2,9,36,36,21,0.5833
85596,5745407577,2,11,55,55,17,0.3091
85970,5743671960,2,20,190,190,79,0.4158
86009,5743671649,2,7,21,20,20,0.9524
86237,5743671825,2,18,153,153,72,0.4706
86610,5745407527,2,20,190,190,65,0.3421
86727,5743671913,2,20,190,190,66,0.3474
88133,5745407532,2,12,66,66,20,0.303
88175,5743671703,2,7,21,21,18,0.8571
89827,5745407526,2,16,120,120,42,0.35
10060,5743671882,3,17,136,136,53,0.3897
10281,5743671516,3,15,105,105,61,0.581
10353,5745407529,3,20,190,190,56,0.2947
10841,5745407560,3,10,45,45,22,0.4889
11023,5743671533,3,19,171,171,74,0.4327
11360,5743671839,3,13,78,78,27,0.3462
13116,5745407567,3,5,10,10,4,0.4
13799,5745407554,3,20,190,190,76,0.4
13882,5743671691,3,20,190,190,89,0.4684
14106,5743671696,3,20,190,190,91,0.4789
14188,5745407572,3,12,66,66,34,0.5152
15071,5743671693,3,13,78,78,45,0.5769
15548,5743671692,3,6,15,15,15,1
16313,5745403479,3,16,120,120,62,0.5167
16495,5743671665,3,20,190,190,62,0.3263
17353,5743671788,3,7,21,21,9,0.4286
18344,5743671700,3,9,36,36,11,0.3056
18394,5745406164,3,15,105,105,40,0.381
18420,5743671750,3,18,153,153,28,0.183
19066,5745406529,3,13,78,78,32,0.4103
19844,5743671966,3,20,190,190,93,0.4895
21350,5743671670,3,7,21,21,7,0.3333
22617,5745407559,3,8,28,28,21,0.75
22745,5745407537,3,10,45,45,28,0.6222
22931,5743671786,3,7,21,21,17,0.8095
23040,5743671689,3,20,190,190,98,0.5158
23144,5743671924,3,20,190,190,85,0.4474
23642,5743671706,3,15,105,105,69,0.6571
24543,5745403337,3,11,55,55,24,0.4364
24760,5745407546,3,20,190,190,86,0.4526
24853,5743671740,3,20,190,190,111,0.5842
25171,5743671833,3,18,153,153,78,0.5098
25323,5743671729,3,13,78,78,39,0.5
25494,5743671765,3,6,15,15,15,1
25544,5743671683,3,15,105,105,29,0.2762
25947,5743671872,3,20,190,190,81,0.4263
26127,5743671682,3,8,28,28,12,0.4286
26425,5745407589,3,18,153,153,83,0.5425
26999,5745407566,3,8,28,7,5,0.1786
28831,5745407105,3,20,190,190,84,0.4421
29914,5743671760,3,9,36,36,19,0.5278
30076,5743671544,3,14,91,91,35,0.3846
30952,5745407579,3,20,190,190,49,0.2579
31372,5743671517,3,6,15,15,11,0.7333
31583,5743671513,3,7,21,21,18,0.8571
32100,5745407561,3,5,10,10,9,0.9
32174,5743671930,3,15,105,105,34,0.3238
33094,5743671802,3,14,91,91,56,0.6154
34250,5745407573,3,20,190,190,75,0.3947
34853,5745407539,3,20,190,190,71,0.3737
35227,5743671540,3,20,190,190,92,0.4842
36006,5743671905,3,18,153,153,60,0.3922
36143,5743671732,3,3,3,3,3,1
36951,5745406587,3,20,190,190,109,0.5737
37617,5743671907,3,17,136,136,53,0.3897
38823,5743671762,3,14,91,91,48,0.5275
38893,5745407548,3,9,36,36,21,0.5833
38901,5743671918,3,13,78,78,42,0.5385
38927,5745403836,3,20,190,190,46,0.2421
39122,5745407516,3,6,15,15,6,0.4
39253,5743671965,3,18,153,153,80,0.5229
39701,5743671738,3,5,10,10,9,0.9
39783,5743671944,3,9,36,36,16,0.4444
40629,5745403260,3,20,190,190,86,0.4526
40997,5745403704,3,20,190,190,69,0.3632
41393,5743671879,3,17,136,136,71,0.5221
44167,5745407565,3,10,45,45,24,0.5333
44520,5743671746,3,13,78,78,26,0.3333
44947,5743671526,3,6,15,15,15,1
45000,5745407531,3,6,15,15,15,1
45292,5745403616,3,9,36,36,27,0.75
45945,5745406998,3,12,66,66,32,0.4848
46021,5745406660,3,5,10,10,8,0.8
46160,5745407530,3,20,190,190,97,0.5105
46584,5743671713,3,6,15,15,7,0.4667
46654,5745407541,3,10,45,45,28,0.6222
48187,5743671848,3,11,55,55,33,0.6
48429,5745406520,3,7,21,21,12,0.5714
48990,5745407143,3,9,36,36,18,0.5
49294,5745407552,3,12,66,66,39,0.5909
49597,5743671855,3,3,3,3,3,1
50181,5745407553,3,20,190,190,40,0.2105
50709,5745406891,3,13,78,78,45,0.5769
50869,5745407540,3,20,190,190,60,0.3158
50947,5745407544,3,20,190,190,70,0.3684
51102,5743671949,3,17,136,136,105,0.7721
51552,5743671768,3,7,21,20,6,0.2857
51597,5745407583,3,20,190,190,65,0.3421
51675,5745407584,3,20,190,190,51,0.2684
51722,5745403040,3,17,136,136,73,0.5368
52067,5743671935,3,20,190,190,132,0.6947
52385,5745407545,3,20,190,190,117,0.6158
52441,5743671811,3,20,190,190,120,0.6316
52615,5745407580,3,10,45,45,15,0.3333
52635,5745407571,3,20,190,190,57,0.3
52923,5745403071,3,11,55,55,37,0.6727
53275,5745401837,3,15,105,105,40,0.381
53884,5743671793,3,12,66,66,32,0.4848
55464,5745407535,3,9,36,36,25,0.6944
55594,5743671764,3,20,190,135,94,0.4947
5745143917,5745143917,3,13,78,78,28,0.359
5745143925,5745143925,3,20,190,190,90,0.4737
57637,5745407528,3,20,190,190,65,0.3421
57896,5745407558,3,5,10,10,10,1
58909,5743671770,3,20,190,190,98,0.5158
59367,5745407549,3,16,120,120,72,0.6
60482,5743671950,3,10,45,45,45,1
61280,5745407156,3,4,6,6,6,1
62555,5745407564,3,9,36,36,11,0.3056
62560,5745401867,3,3,3,3,3,1
63063,5743671559,3,20,190,190,88,0.4632
63188,5743671702,3,20,190,190,35,0.1842
63757,5743671938,3,11,55,55,24,0.4364
63817,5745403827,3,15,105,105,80,0.7619
64772,5745407135,3,3,3,3,3,1
65102,5745407585,3,9,36,36,22,0.6111
65526,5743671741,3,13,78,78,26,0.3333
66052,5743671844,3,8,28,28,17,0.6071
66245,5745407555,3,17,136,136,58,0.4265
66404,5745406108,3,15,105,105,36,0.3429
66754,5743671813,3,8,28,28,25,0.8929
66991,5745403495,3,20,190,190,96,0.5053
67947,5743671967,3,5,10,10,10,1
68494,5743671771,3,9,36,36,18,0.5
68533,5745407551,3,10,45,45,22,0.4889
68633,5743671705,3,20,190,190,86,0.4526
69065,5743671664,3,8,28,28,15,0.5357
69669,5745407578,3,4,6,6,2,0.3333
70889,5743671903,3,8,28,28,22,0.7857
71187,5743671784,3,7,21,21,6,0.2857
71518,5743671644,3,10,45,45,10,0.2222
71627,5743671873,3,20,190,190,97,0.5105
71700,5745406425,3,20,190,190,68,0.3579
71782,5745403615,3,20,190,190,54,0.2842
72746,5743671704,3,6,15,15,7,0.4667
73175,5745407557,3,13,78,78,38,0.4872
73303,5745407542,3,20,190,190,83,0.4368
74916,5745407543,3,20,190,190,79,0.4158
75178,5745407562,3,20,190,190,76,0.4
75261,5745407533,3,6,15,15,13,0.8667
75466,5745407575,3,6,15,15,12,0.8
75468,5745406645,3,10,45,45,27,0.6
76313,5743671922,3,14,91,91,28,0.3077
77023,5743671531,3,10,45,45,19,0.4222
77291,5745407563,3,14,91,91,52,0.5714
77824,5745401246,3,19,171,171,62,0.3626
78062,5743671869,3,20,190,190,79,0.4158
78911,5743671773,3,20,190,190,32,0.1684
78966,5745407534,3,10,45,45,45,1
79877,5743671906,3,10,45,45,19,0.4222
80058,5743671896,3,5,10,10,10,1
80193,5745407093,3,11,55,55,27,0.4909
82060,5743671941,3,11,55,55,31,0.5636
82282,5743671763,3,5,10,10,3,0.3
83184,5745403569,3,7,21,21,17,0.8095
83568,5745403617,3,11,55,55,37,0.6727
84215,5743671796,3,11,55,55,29,0.5273
84472,5745407586,3,20,190,190,116,0.6105
84625,5743671928,3,3,3,3,3,1
84841,5743671782,3,8,28,28,22,0.7857
85596,5745407577,3,12,66,66,20,0.303
85970,5743671960,3,19,171,171,65,0.3801
86009,5743671649,3,6,15,14,14,0.9333
86237,5743671825,3,20,190,190,120,0.6316
86352,5745407536,3,3,3,3,1,0.3333
86610,5745407527,3,7,21,21,13,0.619
86727,5743671913,3,20,190,190,96,0.5053
88133,5745407532,3,9,36,36,14,0.3889
88175,5743671703,3,3,3,3,3,1
89827,5745407526,3,9,36,36,18,0.5
10060,5743671882,4,16,120,119,49,0.4083
10281,5743671516,4,15,105,104,61,0.581
10353,5745407529,4,11,55,54,17,0.3091
11023,5743671533,4,16,120,119,66,0.55
11360,5743671839,4,7,21,20,10,0.4762
11692,5743671951,4,3,3,2,1,0.3333
13116,5745407567,4,3,3,2,1,0.3333
13799,5745407554,4,16,120,119,42,0.35
14106,5743671696,4,18,153,150,73,0.4771
15071,5743671693,4,12,66,65,32,0.4848
15548,5743671692,4,10,45,44,17,0.3778
17353,5743671788,4,9,36,35,17,0.4722
18344,5743671700,4,9,36,35,6,0.1667
18394,5745406164,4,16,120,119,38,0.3167
19066,5745406529,4,6,15,14,10,0.6667
19844,5743671966,4,18,153,152,58,0.3791
20905,5745407569,4,11,55,54,21,0.3818
22931,5743671786,4,3,3,2,1,0.3333
23144,5743671924,4,20,190,190,109,0.5737
24760,5745407546,4,16,120,119,50,0.4167
24853,5743671740,4,17,136,135,69,0.5074
25171,5743671833,4,16,120,119,69,0.575
25323,5743671729,4,8,28,27,10,0.3571
25494,5743671765,4,7,21,20,15,0.7143
25544,5743671683,4,13,78,77,11,0.141
25947,5743671872,4,16,120,119,49,0.4083
26127,5743671682,4,10,45,44,13,0.2889
26425,5745407589,4,12,66,66,31,0.4697
26999,5745407566,4,5,10,10,3,0.3
28831,5745407105,4,20,190,190,58,0.3053
29914,5743671760,4,8,28,25,20,0.7143
30076,5743671544,4,20,190,190,62,0.3263
30952,5745407579,4,20,190,190,41,0.2158
31372,5743671517,4,12,66,65,31,0.4697
32174,5743671930,4,19,171,170,68,0.3977
34250,5745407573,4,17,136,135,55,0.4044
34853,5745407539,4,20,190,190,53,0.2789
35227,5743671540,4,20,190,190,92,0.4842
36006,5743671905,4,17,136,135,56,0.4118
36143,5743671732,4,5,10,9,6,0.6
36951,5745406587,4,10,45,45,25,0.5556
37617,5743671907,4,16,120,119,46,0.3833
38823,5743671762,4,12,66,65,31,0.4697
39783,5743671944,4,9,36,35,14,0.3889
40629,5745403260,4,17,136,135,69,0.5074
41393,5743671879,4,17,136,135,55,0.4044
44167,5745407565,4,3,3,2,1,0.3333
44520,5743671746,4,9,36,35,19,0.5278
44947,5743671526,4,3,3,3,3,1
45000,5745407531,4,5,10,9,6,0.6
45292,5745403616,4,8,28,27,18,0.6429
45539,5743671819,4,3,3,2,0,0
45945,5745406998,4,11,55,54,24,0.4364
46021,5745406660,4,6,15,14,10,0.6667
46160,5745407530,4,20,190,190,73,0.3842
46584,5743671713,4,8,28,27,11,0.3929
46654,5745407541,4,11,55,54,24,0.4364
48187,5743671848,4,9,36,35,28,0.7778
48990,5745407143,4,8,28,27,16,0.5714
49294,5745407552,4,15,105,104,50,0.4762
50709,5745406891,4,11,55,54,35,0.6364
50869,5745407540,4,20,190,190,51,0.2684
50947,5745407544,4,8,28,28,15,0.5357
51102,5743671949,4,11,55,54,33,0.6
51470,5745407568,4,11,55,54,29,0.5273
51552,5743671768,4,10,45,44,7,0.1556
51597,5745407583,4,20,190,190,69,0.3632
51675,5745407584,4,12,66,45,22,0.3333
52067,5743671935,4,20,190,190,142,0.7474
52385,5745407545,4,20,190,190,104,0.5474
52441,5743671811,4,11,55,54,43,0.7818
53275,5745401837,4,15,105,104,64,0.6095
55464,5745407535,4,10,45,44,28,0.6222
5745143917,5745143917,4,9,36,35,18,0.5
5745143925,5745143925,4,20,190,190,100,0.5263
58909,5743671770,4,20,190,190,76,0.4
60482,5743671950,4,4,6,5,3,0.5
62555,5745407564,4,5,10,10,2,0.2
62560,5745401867,4,4,6,5,3,0.5
63063,5743671559,4,14,91,90,46,0.5055
63757,5743671938,4,12,66,65,32,0.4848
64772,5745407135,4,7,21,20,12,0.5714
65102,5745407585,4,4,6,5,3,0.5
66245,5745407555,4,13,78,72,21,0.2692
66404,5745406108,4,11,55,54,13,0.2364
66754,5743671813,4,8,28,27,21,0.75
66991,5745403495,4,19,171,170,50,0.2924
67947,5743671967,4,7,21,20,15,0.7143
68494,5743671771,4,11,55,54,31,0.5636
68533,5745407551,4,11,55,54,16,0.2909
68633,5743671705,4,20,190,190,82,0.4316
69065,5743671664,4,8,28,27,11,0.3929
69669,5745407578,4,5,10,9,6,0.6
71627,5743671873,4,20,190,190,118,0.6211
71700,5745406425,4,11,55,54,27,0.4909
71782,5745403615,4,5,10,9,6,0.6
72746,5743671704,4,4,6,5,3,0.5
73175,5745407557,4,15,105,104,41,0.3905
74916,5745407543,4,6,15,15,9,0.6
75261,5745407533,4,12,66,65,33,0.5
75466,5745407575,4,8,28,28,16,0.5714
75468,5745406645,4,13,78,77,30,0.3846
77023,5743671531,4,7,21,20,11,0.5238
77291,5745407563,4,5,10,9,6,0.6
77824,5745401246,4,20,190,190,58,0.3053
78062,5743671869,4,19,171,170,46,0.269
78638,5745407538,4,14,91,90,39,0.4286
79877,5743671906,4,12,66,65,32,0.4848
80058,5743671896,4,18,153,152,68,0.4444
80193,5745407093,4,11,55,54,21,0.3818
82060,5743671941,4,9,36,35,16,0.4444
82282,5743671763,4,4,6,6,1,0.1667
83184,5745403569,4,5,10,9,5,0.5
83568,5745403617,4,15,105,104,45,0.4286
84215,5743671796,4,12,66,65,35,0.5303
84472,5745407586,4,20,190,190,89,0.4684
84841,5743671782,4,9,36,35,25,0.6944
86237,5743671825,4,7,21,20,13,0.619
86610,5745407527,4,8,28,27,15,0.5357
86727,5743671913,4,7,21,20,15,0.7143
88133,5745407532,4,11,55,54,13,0.2364
88175,5743671703,4,4,6,5,3,0.5
89827,5745407526,4,11,55,54,18,0.3273
10060,5743671882,5,16,120,120,55,0.4583
10281,5743671516,5,14,91,91,57,0.6264
10841,5745407560,5,8,28,28,17,0.6071
11023,5743671533,5,20,190,190,97,0.5105
11360,5743671839,5,7,21,21,11,0.5238
13116,5745407567,5,2,1,1,0,0
13799,5745407554,5,11,55,55,34,0.6182
13882,5743671691,5,20,190,190,93,0.4895
14106,5743671696,5,18,153,143,85,0.5556
14188,5745407572,5,17,136,136,73,0.5368
15071,5743671693,5,10,45,45,23,0.5111
15548,5743671692,5,5,10,10,10,1
16313,5745403479,5,6,15,15,8,0.5333
17353,5743671788,5,11,55,55,25,0.4545
18344,5743671700,5,5,10,10,10,1
18394,5745406164,5,11,55,55,29,0.5273
18420,5743671750,5,16,120,120,28,0.2333
19066,5745406529,5,17,136,136,57,0.4191
19844,5743671966,5,15,105,105,47,0.4476
20905,5745407569,5,5,10,10,9,0.9
21350,5743671670,5,12,66,66,15,0.2273
22617,5745407559,5,4,6,6,6,1
22745,5745407537,5,4,6,6,6,1
22931,5743671786,5,2,1,1,0,0
23040,5743671689,5,7,21,21,17,0.8095
23144,5743671924,5,20,190,190,84,0.4421
23642,5743671706,5,8,28,28,28,1
24543,5745403337,5,10,45,45,19,0.4222
24760,5745407546,5,10,45,45,30,0.6667
24853,5743671740,5,20,190,190,123,0.6474
25323,5743671729,5,2,1,1,1,1
25544,5743671683,5,13,78,78,31,0.3974
25947,5743671872,5,15,105,105,55,0.5238
26127,5743671682,5,8,28,28,12,0.4286
26425,5745407589,5,18,153,153,76,0.4967
28831,5745407105,5,20,190,190,50,0.2632
29914,5743671760,5,4,6,6,6,1
30076,5743671544,5,20,190,190,46,0.2421
30952,5745407579,5,20,190,175,35,0.1842
31372,5743671517,5,9,36,36,19,0.5278
31583,5743671513,5,5,10,10,8,0.8
32100,5745407561,5,5,10,10,6,0.6
34250,5745407573,5,14,91,91,33,0.3626
34853,5745407539,5,20,190,190,76,0.4
35227,5743671540,5,17,136,136,67,0.4926
36006,5743671905,5,20,190,190,79,0.4158
36143,5743671732,5,3,3,3,3,1
37617,5743671907,5,15,105,105,41,0.3905
38823,5743671762,5,14,91,91,52,0.5714
38893,5745407548,5,8,28,27,21,0.75
38927,5745403836,5,11,55,55,24,0.4364
39122,5745407516,5,5,10,10,10,1
39783,5743671944,5,8,28,28,16,0.5714
40629,5745403260,5,13,78,78,45,0.5769
44167,5745407565,5,3,3,3,2,0.6667
44520,5743671746,5,7,21,21,16,0.7619
44947,5743671526,5,3,3,3,3,1
45000,5745407531,5,6,15,15,11,0.7333
45292,5745403616,5,7,21,21,18,0.8571
45539,5743671819,5,4,6,6,6,1
45945,5745406998,5,13,78,78,44,0.5641
46021,5745406660,5,6,15,15,15,1
46160,5745407530,5,17,136,136,52,0.3824
46654,5745407541,5,4,6,6,6,1
46771,5745403504,5,6,15,15,11,0.7333
48187,5743671848,5,6,15,15,13,0.8667
48990,5745407143,5,5,10,10,5,0.5
49597,5743671855,5,2,1,1,1,1
50181,5745407553,5,15,105,105,20,0.1905
50709,5745406891,5,6,15,15,9,0.6
50869,5745407540,5,20,190,190,53,0.2789
50947,5745407544,5,16,120,75,17,0.1417
51552,5743671768,5,10,45,45,17,0.3778
51597,5745407583,5,20,190,190,87,0.4579
51675,5745407584,5,12,66,51,25,0.3788
51722,5745403040,5,17,136,136,37,0.2721
52067,5743671935,5,20,190,190,147,0.7737
52385,5745407545,5,16,120,120,66,0.55
52441,5743671811,5,8,28,28,21,0.75
52635,5745407571,5,7,21,21,10,0.4762
53275,5745401837,5,9,36,36,24,0.6667
53884,5743671793,5,12,66,66,28,0.4242
55464,5745407535,5,3,3,3,3,1
5745143917,5745143917,5,19,171,171,53,0.3099
57637,5745407528,5,20,190,190,57,0.3
58909,5743671770,5,16,120,120,48,0.4
59367,5745407549,5,15,105,105,57,0.5429
62555,5745407564,5,3,3,3,1,0.3333
62560,5745401867,5,4,6,6,6,1
63063,5743671559,5,15,105,105,55,0.5238
63188,5743671702,5,20,190,190,43,0.2263
66052,5743671844,5,7,21,21,10,0.4762
66404,5745406108,5,10,45,45,17,0.3778
66754,5743671813,5,5,10,10,10,1
66991,5745403495,5,10,45,45,21,0.4667
67947,5743671967,5,6,15,15,15,1
68494,5743671771,5,7,21,21,21,1
68633,5743671705,5,20,190,190,74,0.3895
69065,5743671664,5,7,21,21,8,0.381
70889,5743671903,5,15,105,105,52,0.4952
71187,5743671784,5,8,28,27,11,0.3929
71518,5743671644,5,8,28,28,17,0.6071
71627,5743671873,5,20,190,190,116,0.6105
71700,5745406425,5,10,45,45,22,0.4889
71782,5745403615,5,3,3,3,3,1
72746,5743671704,5,4,6,6,3,0.5
73175,5745407557,5,8,28,28,25,0.8929
73303,5745407542,5,20,190,190,78,0.4105
74916,5745407543,5,17,136,136,50,0.3676
75178,5745407562,5,8,28,28,19,0.6786
75261,5745407533,5,11,55,55,42,0.7636
75468,5745406645,5,13,78,78,59,0.7564
76313,5743671922,5,15,105,105,34,0.3238
77023,5743671531,5,9,36,36,9,0.25
77291,5745407563,5,6,15,15,15,1
77824,5745401246,5,20,190,190,67,0.3526
78638,5745407538,5,8,28,28,26,0.9286
78911,5743671773,5,10,45,45,24,0.5333
78966,5745407534,5,9,36,36,36,1
79877,5743671906,5,9,36,35,23,0.6389
80058,5743671896,5,11,55,55,24,0.4364
82060,5743671941,5,7,21,21,21,1
82282,5743671763,5,5,10,10,4,0.4
84215,5743671796,5,12,66,66,41,0.6212
84841,5743671782,5,7,21,21,21,1
85596,5745407577,5,19,171,171,39,0.2281
85970,5743671960,5,18,153,153,97,0.634
86237,5743671825,5,6,15,15,12,0.8
86352,5745407536,5,2,1,1,0,0
86610,5745407527,5,6,15,14,14,0.9333
86727,5743671913,5,13,78,78,45,0.5769
88133,5745407532,5,10,45,45,15,0.3333
88175,5743671703,5,3,3,3,3,1
89827,5745407526,5,9,36,36,19,0.5278
10281,5743671516,7,13,78,78,50,0.641
10841,5745407560,7,9,36,36,21,0.5833
11360,5743671839,7,8,28,27,14,0.5
13799,5745407554,7,13,78,78,54,0.6923
13882,5743671691,7,15,105,105,58,0.5524
15071,5743671693,7,10,45,45,28,0.6222
17353,5743671788,7,4,6,6,6,1
18344,5743671700,7,6,15,15,8,0.5333
19066,5745406529,7,7,21,21,11,0.5238
23040,5743671689,7,7,21,21,19,0.9048
23144,5743671924,7,15,105,1,1,0.0095
23642,5743671706,7,10,45,45,23,0.5111
24760,5745407546,7,6,15,15,12,0.8
24853,5743671740,7,15,105,105,72,0.6857
25544,5743671683,7,9,36,36,12,0.3333
25947,5743671872,7,13,78,78,39,0.5
26127,5743671682,7,5,10,10,3,0.3
26425,5745407589,7,12,66,66,29,0.4394
26999,5745407566,7,2,1,1,1,1
28831,5745407105,7,15,105,105,35,0.3333
29914,5743671760,7,4,6,6,6,1
30076,5743671544,7,15,105,105,50,0.4762
30952,5745407579,7,7,21,21,8,0.381
31372,5743671517,7,5,10,10,3,0.3
32100,5745407561,7,2,1,1,1,1
32899,5745403124,7,12,66,66,34,0.5152
34250,5745407573,7,13,78,78,27,0.3462
35227,5743671540,7,12,66,66,34,0.5152
36006,5743671905,7,15,105,105,31,0.2952
36951,5745406587,7,6,15,15,6,0.4
38823,5743671762,7,8,28,28,25,0.8929
38893,5745407548,7,6,15,15,12,0.8
39701,5743671738,7,6,15,15,11,0.7333
39783,5743671944,7,7,21,21,15,0.7143
40997,5745403704,7,15,105,51,35,0.3333
44520,5743671746,7,8,28,28,14,0.5
44956,5743671953,7,11,55,19,12,0.2182
45945,5745406998,7,10,45,45,25,0.5556
46021,5745406660,7,7,21,21,18,0.8571
46160,5745407530,7,10,45,45,22,0.4889
46654,5745407541,7,3,3,3,3,1
46771,5745403504,7,5,10,10,10,1
48187,5743671848,7,7,21,21,17,0.8095
49294,5745407552,7,10,45,45,24,0.5333
49597,5743671855,7,9,36,36,12,0.3333
50181,5745407553,7,15,105,105,12,0.1143
50709,5745406891,7,4,6,6,6,1
50869,5745407540,7,15,105,105,26,0.2476
50947,5745407544,7,13,78,78,15,0.1923
51597,5745407583,7,15,105,105,67,0.6381
51722,5745403040,7,10,45,45,30,0.6667
52067,5743671935,7,15,105,105,86,0.819
52385,5745407545,7,15,105,105,63,0.6
53275,5745401837,7,10,45,45,27,0.6
53884,5743671793,7,7,21,21,13,0.619
5745143917,5745143917,7,15,105,105,48,0.4571
5745143925,5745143925,7,15,105,105,58,0.5524
57637,5745407528,7,15,105,40,2,0.019
58909,5743671770,7,14,91,91,33,0.3626
59367,5745407549,7,4,6,6,6,1
60830,5745407550,7,3,3,3,1,0.3333
62555,5745407564,7,3,3,3,1,0.3333
63063,5743671559,7,15,105,105,44,0.419
63188,5743671702,7,15,105,105,23,0.219
63757,5743671938,7,7,21,21,13,0.619
66245,5745407555,7,10,45,45,30,0.6667
66404,5745406108,7,14,91,91,25,0.2747
66754,5743671813,7,7,21,21,19,0.9048
68494,5743671771,7,8,28,28,21,0.75
68533,5745407551,7,2,1,1,1,1
68633,5743671705,7,15,105,105,45,0.4286
69065,5743671664,7,4,6,6,6,1
70889,5743671903,7,15,105,105,26,0.2476
71627,5743671873,7,15,105,105,67,0.6381
72746,5743671704,7,4,6,6,2,0.3333
73175,5745407557,7,2,1,1,1,1
73303,5745407542,7,15,105,105,37,0.3524
75178,5745407562,7,11,55,55,23,0.4182
75261,5745407533,7,5,10,10,10,1
75468,5745406645,7,15,105,105,52,0.4952
76313,5743671922,7,6,15,15,5,0.3333
77291,5745407563,7,7,21,21,7,0.3333
78911,5743671773,7,9,36,36,22,0.6111
78966,5745407534,7,12,66,66,30,0.4545
83568,5745403617,7,15,105,105,40,0.381
85596,5745407577,7,15,105,105,32,0.3048
85970,5743671960,7,15,105,105,66,0.6286
86009,5743671649,7,3,3,3,3,1
86352,5745407536,7,2,1,1,0,0
86727,5743671913,7,7,21,21,18,0.8571
88133,5745407532,7,9,36,36,13,0.3611
88175,5743671703,7,3,3,3,3,1
89827,5745407526,7,4,6,6,6,1
10281,5743671516,8,13,78,78,57,0.7308
10841,5745407560,8,12,66,66,29,0.4394
11360,5743671839,8,11,55,55,21,0.3818
11692,5743671951,8,2,1,1,1,1
13799,5745407554,8,15,105,105,73,0.6952
13882,5743671691,8,15,105,105,56,0.5333
14106,5743671696,8,15,105,105,64,0.6095
15071,5743671693,8,7,21,21,13,0.619
17353,5743671788,8,5,10,10,9,0.9
18344,5743671700,8,5,10,10,5,0.5
23040,5743671689,8,7,21,21,19,0.9048
23144,5743671924,8,15,105,105,77,0.7333
23642,5743671706,8,11,55,55,37,0.6727
24760,5745407546,8,3,3,3,3,1
24853,5743671740,8,15,105,105,75,0.7143
25544,5743671683,8,15,105,105,14,0.1333
25947,5743671872,8,12,66,66,37,0.5606
26127,5743671682,8,5,10,10,5,0.5
26425,5745407589,8,13,78,78,31,0.3974
26999,5745407566,8,2,1,1,1,1
28831,5745407105,8,15,105,105,56,0.5333
29914,5743671760,8,3,3,3,3,1
30076,5743671544,8,15,105,105,57,0.5429
30952,5745407579,8,8,28,28,12,0.4286
31372,5743671517,8,5,10,10,10,1
32100,5745407561,8,3,3,3,3,1
32174,5743671930,8,15,105,105,66,0.6286
32899,5745403124,8,8,28,28,28,1
34250,5745407573,8,15,105,105,34,0.3238
35227,5743671540,8,7,21,21,12,0.5714
36006,5743671905,8,15,105,105,48,0.4571
36951,5745406587,8,5,10,10,8,0.8
38823,5743671762,8,10,45,45,27,0.6
38893,5745407548,8,5,10,10,10,1
39701,5743671738,8,3,3,3,3,1
39783,5743671944,8,5,10,10,8,0.8
40629,5745403260,8,14,91,91,55,0.6044
40997,5745403704,8,15,105,1,1,0.0095
44520,5743671746,8,7,21,21,8,0.381
45539,5743671819,8,8,28,28,24,0.8571
45945,5745406998,8,6,15,15,7,0.4667
46021,5745406660,8,8,28,28,17,0.6071
46160,5745407530,8,15,105,105,64,0.6095
46654,5745407541,8,3,3,3,3,1
46771,5745403504,8,5,10,10,6,0.6
48187,5743671848,8,9,36,36,36,1
49294,5745407552,8,11,55,55,35,0.6364
49597,5743671855,8,6,15,15,15,1
50181,5745407553,8,10,45,45,10,0.2222
50709,5745406891,8,7,21,21,13,0.619
50869,5745407540,8,15,105,105,24,0.2286
50947,5745407544,8,15,105,105,19,0.181
51552,5743671768,8,9,36,36,19,0.5278
51597,5745407583,8,15,105,105,70,0.6667
51722,5745403040,8,12,66,66,32,0.4848
52067,5743671935,8,10,45,45,40,0.8889
52385,5745407545,8,11,55,55,45,0.8182
53275,5745401837,8,15,105,105,54,0.5143
53884,5743671793,8,12,66,66,19,0.2879
5745143917,5745143917,8,14,91,91,38,0.4176
5745143925,5745143925,8,15,105,105,64,0.6095
57637,5745407528,8,15,105,105,50,0.4762
58909,5743671770,8,15,105,105,47,0.4476
59367,5745407549,8,11,55,55,29,0.5273
60830,5745407550,8,2,1,1,1,1
62555,5745407564,8,3,3,3,0,0
63063,5743671559,8,15,105,105,36,0.3429
63188,5743671702,8,15,105,105,24,0.2286
63757,5743671938,8,8,28,28,18,0.6429
66052,5743671844,8,4,6,6,6,1
66245,5745407555,8,8,28,28,17,0.6071
66404,5745406108,8,11,55,55,29,0.5273
66754,5743671813,8,4,6,6,4,0.6667
68494,5743671771,8,6,15,15,12,0.8
68533,5745407551,8,3,3,3,1,0.3333
68633,5743671705,8,15,105,105,27,0.2571
69065,5743671664,8,6,15,15,11,0.7333
70889,5743671903,8,15,105,105,44,0.419
71518,5743671644,8,3,3,3,3,1
71627,5743671873,8,4,6,6,6,1
73175,5745407557,8,12,66,66,31,0.4697
73303,5745407542,8,15,105,105,47,0.4476
75178,5745407562,8,8,28,28,12,0.4286
75261,5745407533,8,3,3,3,3,1
75468,5745406645,8,15,105,105,45,0.4286
76313,5743671922,8,15,105,105,30,0.2857
77023,5743671531,8,13,78,78,20,0.2564
78911,5743671773,8,12,66,66,37,0.5606
78966,5745407534,8,11,55,55,20,0.3636
80058,5743671896,8,8,28,28,18,0.6429
82282,5743671763,8,7,21,21,4,0.1905
83568,5745403617,8,15,105,105,33,0.3143
84841,5743671782,8,6,15,15,10,0.6667
85596,5745407577,8,15,105,105,50,0.4762
85970,5743671960,8,15,105,105,59,0.5619
86009,5743671649,8,3,3,3,3,1
86352,5745407536,8,2,1,1,0,0
86727,5743671913,8,9,36,36,29,0.8056
88133,5745407532,8,9,36,36,14,0.3889
88175,5743671703,8,2,1,1,1,1
89827,5745407526,8,4,6,6,6,1
NA,NA,8,15,105,91,16,0.1524
